"视频文件地址","视频ocr结果","视频asr结果","是否违规","线索内容","获取时间","直播间链接","直播间名称"
"static/video/record/VC官方旗舰店/VC官方旗舰店_2024-01-29_05-19-30.mp4","挑战年轻10岁 提亮抗皱找V 现在下单才赠 赵雅芝 明 勇星推 00 荐 不满意都可退 提亮抗皱 嫩肤保湿 遮瑕隔离 明 星黄奕 全网同价， 低价为劣质假货 点击购买 ","我靠那个产品那咱们还今天这个福利价格错过之后咱们就没有了好不来听过来等大家话到了五点二十五的时候来最后的六分钟啊我在等到最后六分钟五点二十五之前拍下的我们给到大家小样五点二十五之后拍下来想要没有办法去跟着大家那你们哈白草要收到咱们还先拆开就你们去怕我们家一号链接两瓶装要求一九给到大家两个小样加上我们家一个美妆蛋一号链","否","{'type': 1, 'content': {'敏感词': '最'}}","2024-02-01_22:00:08","https://live.douyin.com/81534957","VC官方旗舰店"
"static/video/sensitive/卡姿兰直播间/卡姿兰直播间.mp4","周年福利公 CARSLAN卡资兰 老国货 正装试 送运费 卡姿兰直播间 ","黄总补贴价卡单怎么双十二提前给我错过不再有二十九块九到手拍一发五一个正装的睫毛膏正装六块睫毛膏加一个眼唇蟹段三十毫升再加一个粉底液三里保洁拍下拍","否","{'type': 1, 'content': {'敏感词': '错过不再有'}}","2024-02-01_22:29:22","","卡姿兰直播间"
"static/video/sensitive/新西兰鱼油世家/新西兰鱼油世家.mp4","BIO-H|新西兰鱼油世家 直播好礼 满900购叶黄末 源自新西兰的纯净 PUREOFNEW ZEALAND RTG结构 IFOS 98.9% IFOS 高吸收 高纯度 五星鱼油","九十八点九六目前这个纯度是天花板级别的存在然后还有高含量是欧米卡三大招一千四百八十四毫克的正常的情况下保某养和有些小数值的情况下这种就程度的余额的话就","否","{'type': 1, 'content': {'敏感词': '天花板'}}","2024-02-01_22:33:25","","新西兰鱼油世家"
"static/video/sensitive/AUX奥克斯/AUX奥克斯.mp4","医疗器械500强企业 奥克斯抖音商城双12 赠运费险七天无理由 四年质保 活动价 AUX奥克 89 P 6300  BE 福 2号链接大屏款三色背光大屏 .国” AUX奥克斯 抖音血压计爆款榜TOP1 *榜单数据来源抖音商家后台 ","而且能够提前享受到我们家两位是有福利价格我们家还有最后四分钟主播就要请你们可以看一下今天派出咱们家充电版本选","否","{'type': 1, 'content': {'敏感词': '最后四分钟'}}","2024-02-01_22:37:03","","AUX奥克斯"
"static/video/variant/新西兰鱼油世家/新西兰鱼油世家2.mp4","抖育高10-H 双记狂达送好礼 复公口心 血肝胖样袜子 请在公期上： 三高验 禁付满900送 天行180元  源自新西兰的纯净 PUREOFNEWZEALANO 98.9% RTG结构 IFOS 高纯度 高吸收 五星鱼油 ","谁谁家的爸爸妈妈在楼下锻炼身体或者去菜市场买菜怎么突然之间就听说他怎么突然之间就听说躺倒了就去找白大褂了就梗了之类的有没有这样子感觉身边发感觉身边发生过这种事情就是怕在那个谁是不是啊我们的神州点关注的凌张时给他给我们的神州发一张十块钱的优惠券好吧然后我们","否","{'type': 2, 'content': {'变体词': '白大褂', '原词':'医生', '匹配方式': '大模型'}}","2024-02-01_22:49:22","","新西兰鱼油世家"
"static/video/variant/新西兰鱼油世家/新西兰鱼油世家3.mp4","新西兰鱼油世家 BIO-H 98.9%高纯度&高EPA鱼油 请在公室上 清 米 源自新西兰的纯净 PURECFNEWZEALAND 98.9% RTG结构 IFOS 高纯度 高吸收 五星鱼油 ","这个就是嘛临某床级别的想解决问题快一点的可以拍我们家六号连接这个九五六号连接这个九五九七级别这个鱼哦拍六屏我们有纯爱益生菌可以送这个是仅限咱们六号连接的啊这个是给大家说一下啊鱼油黄金搭档这个是八号连接同款这个是八号连接同款如果说我想把这个血眸纸方面去给它维护的更稳一些拉拽的更","否","{'type': 2, 'content': {'变体词': '临某床', '原词':'临床', '匹配方式': '正则表达式'}}","2024-02-01_22:51:08","","新西兰鱼油世家"
"static/video/variant/新西兰鱼油世家/新西兰鱼油世家4.mp4","BIO-H|新西兰鱼油世家  98.99 RTG结构 IFOS 高纯度 高吸收 五星鱼油 ","形态代表着什么吸某受率像一个产品它的含量高含量再高如果说他们吸收不好的话我吃到肚子里边他打折够大个比方打了个三折打了个五折吃跟没吃其实它的区别并不是很大像很多很多中老年人咱们在上了年纪以后小肠小胃这块动力这块他肯定是跟咱们十几二十岁啊","否","{'type': 2, 'content': {'变体词': '小肠小胃','原词':'肠胃','匹配方式': '正则表达式'}}","2024-02-01_22:52:46","","新西兰鱼油世家"
"static/video/variant/新西兰鱼油世家/新西兰鱼油世家4.mp4","BIO-H|新西兰鱼油世家  98.99 RTG结构 IFOS 高纯度 高吸收 五星鱼油 ","形态代表着什么吸某受率像一个产品它的含量高含量再高如果说他们吸收不好的话我吃到肚子里边他打折够大个比方打了个三折打了个五折吃跟没吃其实它的区别并不是很大像很多很多中老年人咱们在上了年纪以后小肠小胃这块动力这块他肯定是跟咱们十几二十岁啊","否","{'type': 2, 'content': {'变体词': '小肠小胃', '原词': '肠胃', '匹配方式': '正则表达式'}}","2024-02-22_01:10:18","","新西兰鱼油世家"
"sensitive_video_part/yy_makeup_013001772024_01_30_09_24_19.flv","抖音商城年货节 299 10瓶 精华原液 抖音官方旗舰店 自然美椰要 有模有漾 全国 过敏 假 包邮 包退 赔四 ","他两个的机制都只要一百九但是如果说你要让我推荐哪一个我会推荐需要紧这康老的牌一号需要我们美妆提亮的排二号就可以了好不好来最后一一号链接二号链接最后一单我们各家","否","{'type': 1, 'content': {'通用敏感词': '最'}}","2024_01_30_09_24_19","","yy_makeup_01300177"
"sensitive_video_part/yy_makeup_013001762024_01_30_09_24_04.flv","抖音商城年货节 299 ESSENCE 358 10瓶 899 精华原液 409 精华乳 试用装 抖音官方旗舰店 自然美椰要 有模有漾 全国 过敏 假 包邮 包退 赔四 ","买水果配备素颜升的二号链接给你买收入再多送水一瓶或者再多送乳衣品那二号链接就是常规版的康老但是它动了一个四元霜最后两个掉链接的紧致抗老的拍一号想多素颜霜多一瓶爽爽肤水的拍二号","否","{'type': 1, 'content': {'通用敏感词': '最'}}","2024_01_30_09_24_04","","yy_makeup_01300176"
"sensitive_video_part/yy_makeup_013001772024_01_30_09_24_19.flv","抖音商城年货节 299 10瓶 精华原液 抖音官方旗舰店 自然美椰要 有模有漾 全国 过敏 假 包邮 包退 赔四 ","他两个的机制都只要一百九但是如果说你要让我推荐哪一个我会推荐需要紧这康老的牌一号需要我们美妆提亮的排二号就可以了好不好来最后一一号链接二号链接最后一单我们各家","否","{'type': 1, 'content': {'通用敏感词': '最'}}","2024_01_30_09_24_19","","yy_makeup_01300177"
"sensitive_video_part/yy_makeup_013001762024_01_30_09_24_04.flv","抖音商城年货节 299 ESSENCE 358 10瓶 899 精华原液 409 精华乳 试用装 抖音官方旗舰店 自然美椰要 有模有漾 全国 过敏 假 包邮 包退 赔四 ","买水果配备素颜升的二号链接给你买收入再多送水一瓶或者再多送乳衣品那二号链接就是常规版的康老但是它动了一个四元霜最后两个掉链接的紧致抗老的拍一号想多素颜霜多一瓶爽爽肤水的拍二号","否","{'type': 1, 'content': {'通用敏感词': '最'}}","2024_01_30_09_24_04","","yy_makeup_01300176"
"sensitive_video_part/hz_makeup_013000812024_01_30_11_21_56.flv","RE 88元/4盒 OSM OSM 1涂 1涂 1涂 1涂 商 美淡 门斑 到手20片 1盒5片 OSM OSM OSM 涂 涂 斑 玫 ","有销量给你做保证有防御马让你验今天我还还让你试用试题行不行姐姐感谢我 K七姐是是那个谁是那个丁丁姐的下单是吧感谢我一点的下单啊初一姐姐","否","{'type': 1, 'content': {'通用敏感词': '今天'}}","2024_01_30_11_21_56","","hz_makeup_01300081"
"sensitive_video_part/aks_medical_device_013100182024_01_31_08_48_47.flv","抖音商城年货节 奥克斯|医疗器械 500强 给家人一份关爱 0 医用同款臂式血压计 高清大屏 三包背光 日常 109 活动到手价 架森耀益果 出差应所 有 准 医用级精准度 医疗注册证 品质保证 售类产品均有行业医疗注肺证 4年只携不修誉运费险 ","贱货物所没有这么多今天专场直播播完之后明天早就停播放假了所以说咱们朋友们年后你再回来我价格一旦往上调了零年前没有拍到我是肯定做不了咱们一个降价到所以说咱们朋友们今天能够做到保价也是这里买到贵买贵了可以支持","否","{'type': 1, 'content': {'通用敏感词': '精准'}}","2024_01_31_08_48_47","","aks_medical_device_01310018"
"sensitive_video_part/yy_makeup_013002192024_01_30_09_34_49.flv","入粉丝团 加 自由基清除率：41.21% 实验结论： 抖音官方旗舰店 自然美椰要 有模有漾 全国 过敏 假 包邮 包退 赔四 ","可以拍啊我文昌是发抖还有最后单然后积分不松弛换机敏感的一二零接如果说你们不懂总选的有斑斑点点的年纪比较偏大的排一号又一二零阶我们之之前的这个面霜是","否","{'type': 1, 'content': {'通用敏感词': '最'}}","2024_01_30_09_34_49","","yy_makeup_01300219"
"sensitive_video_part/hz_makeup_013000982024_01_30_11_26_08.flv","88元/4盒 OSM OSM 1涂 涂 1涂 到手20片 1盒5片 1涂 政 ","陪我喝喝点单下单姐姐们抓紧去下单今天下单今天发货保证你们年前都可以收到货好不好姐姐们有单独的说吗","否","{'type': 1, 'content': {'通用敏感词': '今天'}}","2024_01_30_11_26_08","","hz_makeup_01300098"
"sensitive_video_part/hz_makeup_013000792024_01_30_11_21_26.flv","88四盒 正品保障 过敏包退 买贵补差 免费试用 有运费险 七天无理由 88元/4盒 OSM OSM 1涂 1涂 1涂 1涂 01 美淡 20 2.8 到手20片 1盒5片 OSM OSM OSM 1涂 美淡 有斑 斑 ","验到你开心满满意为止小初一姐家最后姐姐们听到了吗最后点击慢如果说你还担心匹诺你如果说你一看完货之后还不放放心姐姐们今天所有在直播间下单的每一位","否","{'type': 1, 'content': {'通用敏感词': '最'}}","2024_01_30_11_21_26","","hz_makeup_01300079"
"sensitive_video_part/hz_makeup_013000132024_01_30_11_04_57.flv","OSM 88元/4盒 OSM OSM 1涂 1涂 1涂 中 美淡 2折 到手20片 1盒5片 OSM OSM 1涂 斑 斑 ","是河南郑州的云仓啊河南郑州的代理商先去吐水额面膜的这个是流程都是这样的先洗脸洗脸肯定是第一步先吸脸洗完脸之后然后涂个爽肤水然后可以多多之前没有用过这个面膜可以多多","否","{'type': 1, 'content': {'通用敏感词': '第一'}}","2024_01_30_11_04_57","","hz_makeup_01300013"
"sensitive_video_part/aks_medical_device_013100012024_01_31_08_44_32.flv","抖音商城年货节 奥克斯|医疗器械 成500强 给家人一份关爱 0 1号链接 医用同款 一键精准测 医用网款 4年质保 日常 82 只森耀益蓄果 用标准 3 有 准 医用级精准度 医疗注册证 品质保证 ±3mmhg 售卖产品均有行业医疗注肺证 4年只换不修赠运费险 ","有刀的福利架构专场活动用最后一场明明天咱们就放假了泡沫七拍拍器珍惜啊做到一台也是工厂是发价而而且是不报保价保价什么概念大都不能不理解的年后可以回来比下认准来因官方旗舰店奖励赔色正保障啊八","否","{'type': 1, 'content': {'通用敏感词': '最'}}","2024_01_31_08_44_32","","aks_medical_device_01310001"
"sensitive_video_part/yy_makeup_013001292024_01_30_09_12_19.flv","抖音商城年货节 358 59.9 89.9 50g 抗玻-面霜 0g 试用装 华乳 抖音官方旗舰店 自然美椰要 有模有漾 全国 过敏 假 包邮 包退 赔四 ","再送一只来所有的姐妹我一百多四大件值不值而且最关关键的是游戏姐妹是第一次拉对的第一次来可能会担心说买买回去怕不好用或者是买回去吧不是来我给你正装小样童款的让你去试用如果你用的好那就不好用的能不能够退还","否","{'type': 1, 'content': {'通用敏感词': '最'}}","2024_01_30_09_12_19","","yy_makeup_01300129"
"sensitive_video_part/VAA_makeup_013000232024_01_30_18_52_14.flv","红山茶精粹  SPA级养肤卸妆 人先入会再下单尊享会员权益 ","月六个月完全 OK没有问题的三罐的一个量的相相信呢经常化妆姐妹咱们也是半半年甚至一年包括咱们不经常化妆两年的量都给大家沉到屯到了那今天咱们直播间拍一到手三十九件套剩下的是有什么呢给大家来看一下啊我们还额外加到你两个定制的牌桌铲宝贝们排落场有两个用处一个用用处呢就是您可以用","否","{'type': 1, 'content': {'通用敏感词': '今天'}}","2024_01_30_18_52_14","","VAA_makeup_01300023"
"sensitive_video_part/yy_makeup_013001992024_01_30_09_29_49.flv","丝团鸟 抖音商城年货节 自由基清除率：11.21% 抖音官方旗舰店 自然美椰要 有模有漾 全国 过敏 假 包邮 包退 赔四 ","看一下三百五十八的景致抗老面霜是真正有着抗皱功效的节目啊而且这个抗皱功效我们是直接换了几千块钱去做了检测报告的所以你们直播间如果说有姐妹是第一次来的第一次用我们家面上的来","否","{'type': 1, 'content': {'通用敏感词': '第一'}}","2024_01_30_09_29_49","","yy_makeup_01300199"
"sensitive_video_part/aks_medical_device_013100212024_01_31_09_55_10.flv","抖音商城年货节 奥克斯|医疗器械 500强 给家人一份关爱 3号链接 新一代腕式血压计 2K高酒屏 日常4 89 活动到手价： 精准测量 √出差应M 有 只接不使 准 医用级精准度 医疗注册证 品质保证 售类产品均有行业医疗注肺证 4年只携不修誉运费险 ","早拍吗肯定是能够早拍上的是不是都是根据直直播间物流订单信息根据订单顺序来给他安排发到但是怎么说我的炮吗能拍的就就代表明的物流快递还能够发到如果说你立即时显示不支持的那就证明","否","{'type': 1, 'content': {'通用敏感词': '精准'}}","2024_01_31_09_55_10","","aks_medical_device_01310021"
"sensitive_video_part/aks_medical_device_013100202024_01_31_09_54_56.flv","抖音商城年货节 奥克斯|医疗器械 500强 给家人一份关爱 1号链接 医用同款 一键精准测 医用网款 4年质保 日常 活动到手价 架希耀益凿果 医用标准 血压围扰 1经常前夜 肥胖烦信 有 只接不停 准 医用级精准度 医疗注册证 品质保证 售卖产品均有行业医疗注肺证 4年只携不修赠运费险 ","我链接来给给咱家李哥哥包括说咱们家九九二两位朋友十点钟互联欢代地做大三发货到云台山各个有没有拍到奥护说怎么叫布宝贝对的当天拍的当天发咱们明天就要放假了我在放假前包括尽量全部给他发送","否","{'type': 1, 'content': {'通用敏感词': '精准'}}","2024_01_31_09_54_56","","aks_medical_device_01310020"
"sensitive_video_part/aks_medical_device_013100372024_01_31_08_53_32.flv","抖音商城年货节 奥克斯|医疗器械 500强 给家人一份关爱 2 2号链接 医用同款臂式血压计 意清大屏 兰色青光 日常全 109 活动到手价 立压围扰 1经常煎夜 肥胖烦信 不 准 医用级精准度 医疗注册证 品质保证 ±3mmhg 售类产品均有行业医疗注航证 4年只携不修赠运费险 ","你去比价呗六千多家属于电随便你去免作为一员工涨价才才能够给到你这个福利价啊那么来说怎么怎么还有八天过年你去逛大喜昌城百年货的时候多挂两圈去找专卖店看一下卖米一百六十九兼能够来到主播","否","{'type': 1, 'content': {'通用敏感词': '精准'}}","2024_01_31_08_53_32","","aks_medical_device_01310037"
"sensitive_video_part/yy_makeup_013001422024_01_30_09_15_33.flv","抖音商城年货节 素素脸具 干纹细纹 痘疼肌 肌肤松强  15-65岁全联质可用 全黑点 299 ANG ESSENCE 358 10瓶 精华原液 50g 0g 华乳 试用鞋 抖音官方旗舰店 自然美椰要 有模有漾 全国 过敏 假 包邮 包退 赔四 ","今天是我们年货节福利的一一个最后一天天了喜欢的姐妹千万别错过错过了今天之后你们再想想拍这种福利就不会再有这么炸了就直接恢复日常的机制不会再有这么大啦喜欢的千万别说了解美如果说你们不知道一号还是二","否","{'type': 1, 'content': {'通用敏感词': '最'}}","2024_01_30_09_15_33","","yy_makeup_01300142"
"sensitive_video_part/aks_medical_device_013100232024_01_31_08_50_02.flv","抖音商城年货节 奥克斯|医疗器械500强 给家人一份关爱 1号链接 医用同款一 键精准测 集用网款 4年保 日常价 充电收：? 精准测量 出差应所 立压压扰 有 只接不停 准 医用级精准度 医疗注册证 品质保证 ±3mmhg 售爽产品均有行业医疗注静证 4年只换不修赠运费险 ","送货之后心某狗党某他周某峰畜母栓每一个都是要以万字为技术单位的我不是几十块八来块能够给您解决到全部都是成千上万的所以说咱们进电话小钱办大事自己是花一百块自己和家人八到十肯定的","否","{'type': 1, 'content': {'通用敏感词': '精准'}}","2024_01_31_08_50_02","","aks_medical_device_01310023"
"sensitive_video_part/yy_makeup_013000192024_01_30_10_25_52.flv","抖音商城年货节 抖音官方旗舰店 自然美椰要 有模有漾 全国 过敏 假 包邮 包退 赔四 ","更加就是说买的放心这段我还给你再多送一盒面膜好我们在家五家再多送我们家正装正正品的是用装再加一套说这套是十三关键十三件你再怎么卖要不要个三四百块钱有的但是今今天三百四百两百不要交了是用装加了面膜加了海波刀","否","{'type': 1, 'content': {'通用敏感词': '今天'}}","2024_01_30_10_25_52","","yy_makeup_01300019"
"sensitive_video_part/yy_makeup_013000172024_01_30_10_25_22.flv","团 抖音商城年货节 358元 299元 10瓶 99.9元 89.9元 50g 抗皱-面霜 40g 精华乳 抖音官方旗舰店 自然美椰要 有模有漾 全国 过敏 假 包邮 包退 赔四 ","你四件套也带走五件行不行一件洗面奶精划水晶华若金华华液精华面霜到手五件是不是跟五件套是一样的死的第五件套你买一套的价价格三百九十九对不对但是今天咱们直播间打了药知道五件直接给他改价三九九不要二九九就不要这套至少打完底价比","否","{'type': 1, 'content': {'通用敏感词': '今天'}}","2024_01_30_10_25_22","","yy_makeup_01300017"
"sensitive_video_part/aks_medical_device_013100002024_01_31_09_49_55.flv","抖音商城年货节 奥克斯医疗器械500强 给家人一份关爱 2号链接 医用同款臂式血压计 高清大屏 早色光 日常 109 架森耀造暂果 美用标准 有 准 医用级精准度 医疗注册证 品质保证 ±3mmhg 售卖产品均有行业医疗注肿证 4年只换不修赠运费险 ","音量更加大清晰度更加高坐到一号链接没没有的功能三三色背光屏也是只有二号链接具备倒到通过三个颜色变板就能够轻松去分高低数二值红绿灯底怎么看咱们高低上就怎么看数字根本不用","否","{'type': 1, 'content': {'通用敏感词': '精准'}}","2024_01_31_09_49_55","","aks_medical_device_01310000"
"sensitive_video_part/yy_makeup_013002482024_01_30_09_42_03.flv","抖音商城年货节 358元 99.9 89.9 40g 精华乳 抖音官方旗舰店 自然美椰要 有模有漾 全国 过敏 假 包邮 包退 赔四 ","三支阵上价格八十九十九我现在正在卖的姐妹如果你们要买单只水乳你可以去看一下我七号链接啊我七号七号链接这两只如果你要组合装就算是今天的底底价年货","否","{'type': 1, 'content': {'通用敏感词': '今天'}}","2024_01_30_09_42_03","","yy_makeup_01300248"
"sensitive_video_part/aks_medical_device_013100362024_01_31_08_53_17.flv","抖音商城年货节 奥克斯|医疗器械 500强 终家人一份关爱 3号链接 新一代腕式血压计 2K高消屏 医用同款 日常价： 89 活动到手价： 医用标准 精准测量 肥萍烦格 有 只接不诺 准 医用级精准度 医疗注册证 品质保证 售卖产品均有行业医疗注证 4年只换不修赠运费险 ","轻松区分咱们那个高低血压价值了相看红绿灯一样简单绿色正常黄色尖刀红色高血压语音播报屏幕显示颜色区分三重保障都能够给到你啊能告诉咱两个人三个月一百九十八度的精准数据到线上","否","{'type': 1, 'content': {'通用敏感词': '精准'}}","2024_01_31_08_53_17","","aks_medical_device_01310036"
"sensitive_video_part/yy_makeup_013002272024_01_30_09_36_48.flv","抖音商城年货节 299元 ESSENCE 358 10瓶 99.9 899 华原液 50g 40g 试用装 抖音官方旗舰店 自然美椰要 有模有漾 全国 过敏 假 包邮 包退 赔四 ","出现明明长痘痘皮肤抽好毛孔大想改改善敏敏性质毛孔的就拍我们的一号链接一号链接这一套不分肤质感明明继晕妈妈放心用啊我推荐一些有三个 D第一个","否","{'type': 1, 'content': {'通用敏感词': '第一'}}","2024_01_30_09_36_48","","yy_makeup_01300227"
"sensitive_video_part/aks_medical_device_013100342024_01_31_08_52_47.flv","抖音商城年货节 奥克斯医疗器械 500强 给家人一份关爱 2号链接 医用同款臂式血压计 高清大屏 三色青光 日常公 109 √出差应面 有 只接不修  准 医用级精准度 医疗注册证 品质保证 售类产品均有行业医疗注融证 4年只换不修赠运费险 ","双级到伤心变呢应用嘴边采用德国进进某口双传感器重叠加测量才能够做到精准不做这么高才能够满足到百岁老人一次检检测也是精准数值就是咱们的一个二号链接 OFF三点五结束高","否","{'type': 1, 'content': {'通用敏感词': '精准'}}","2024_01_31_08_52_47","","aks_medical_device_01310034"
"sensitive_video_part/yy_makeup_013002602024_01_30_09_45_03.flv","抖音商城年货节 COCONUTYANG 299 ESSENCE 10瓶 精华原 试用装 抖音官方旗舰店 自然美椰要 有模有漾 全国 过敏 假 包邮 包退 赔四 ","那给小董退回来可以说这个机制刀不用担心了对还是最后两刀我们的刚由前几节拍的一号连接的是不是啊运营给他备注啊今天是你年货节的最后一天所有的机制","否","{'type': 1, 'content': {'通用敏感词': '最'}}","2024_01_30_09_45_03","","yy_makeup_01300260"
"sensitive_video_part/yy_makeup_013001652024_01_30_09_21_18.flv","抖音商城年货节 358 59.9元 89.9 40g 代用装 精华乳 抖音官方旗舰店 自然美椰要 有模有漾 全国 过敏 假 包邮 包退 赔四 ","奶面霜这个是三五八如果说给你再再送到八十九十九再送到快两百块钱这个价值的一套水值不值是吧折了今天我直播间打了药资的钱三名我改嫁三五八不要二五八不要拍","否","{'type': 1, 'content': {'通用敏感词': '今天'}}","2024_01_30_09_21_18","","yy_makeup_01300165"
"sensitive_video_part/yy_makeup_013002042024_01_30_09_31_03.flv","抖音商城年货节 299元 ESSENCE 10瓶 99.9 89.9 精华原液 59 40g 精华乳 抖音官方旗舰店 自然美椰要 有模有漾 全国 过敏 假 包邮 包退 赔四 ","活动也是最后一次做活动了啊我我给你们改一架一一百多买不到两百块钱那边刷送水一瓶送送乳一瓶送洗面奶一只狼来送我们面膜一整组合辣白再送四包精华","否","{'type': 1, 'content': {'通用敏感词': '最'}}","2024_01_30_09_31_03","","yy_makeup_01300204"
"sensitive_video_part/VAA_makeup_013000302024_01_30_18_53_58.flv","红山茶精粹 SPA级养肤卸妆 人先入会再下单尊享会员权益 ","如果说我们姐妹们想要去安排的在我们家七号链接如果说想要主主播直接送给大家的对不对您去拍一号链接但是呢给大家讲到一号链接只有最后的两组两单了所以说呢有需要解姐妹想要来一分钟谢全脸的将来卸妆和养不进行一个四项合一的将来脸部越血越干净的一定要直接去闭眼出发一号链接","否","{'type': 1, 'content': {'通用敏感词': '最'}}","2024_01_30_18_53_58","","VAA_makeup_01300030"
"sensitive_video_part/aks_medical_device_013100202024_01_31_08_49_18.flv","抖音商城年货节 奥克斯|医疗器械 500强 给家人一份关爱 1号链接 医用同款一 键精准测 医用网款 4年成保 日常 活动到手价 肥胖烦情 有 只接不停 准 医用级精准度 医疗注册证 品质保证 售类产品均有行业医疗注肺证 4年只携不修赠运费险 ","安排九点钟物流快递车大盘发货最后一档录所了咱们家二哥有没有拍到用户九八二二包括就说咱们家的一个血橙花啊是 A高低税要波动起不重情况是口袋有效到机会血压会影响到我们那个心脏影响到你的血管影响到底","否","{'type': 1, 'content': {'通用敏感词': '最'}}","2024_01_31_08_49_18","","aks_medical_device_01310020"
"sensitive_video_part/hz_makeup_013000562024_01_30_11_15_40.flv","88四 SKIN RE 88元/4盒 OSM OSM 1涂 1涂 1涂 产 美淡 个斑 2时 到手20片 1盒5片 OSM OSM 1涂 美淡 斑 斑 2双 ","你用就用好多年毕竟在百元以内这个面包就是一个天花板没有第一首的没有敌手的款好的产品今天我们把价格你们给给你们打下来纽拜但班没办米白只要是你追求一个好的复制","否","{'type': 1, 'content': {'通用敏感词': '第一'}}","2024_01_30_11_15_40","","hz_makeup_01300056"
"sensitive_video_part/hz_makeup_013000472024_01_30_11_13_26.flv","RE 88元/4盒 OSM OSM 1涂 1涂 1涂 美淡 自斑 2折 2放 到手20片 1盒5片 OSM OSM OSM 1涂 1涂 美淡  斑 2双 ","专柜是正品我们就是给中国供货的所以说呢今天一手的会员一手的价格直直接对接到解决没有任何中间商网红明星啊他们都是撞扣费费赚什么差价赚佣金赚出长费的我们不一样我们是","否","{'type': 1, 'content': {'通用敏感词': '今天'}}","2024_01_30_11_13_26","","hz_makeup_01300047"
"sensitive_video_part/yy_makeup_013002132024_01_30_09_33_18.flv","抖音商城年货节 绿到五大保障 正品保证 假一 罚三 七天无理由 过敏包退 赠送运费险 99 COCONJT 10瓶 清华原液 400 精华 试用装 抖音官方旗舰店 自然美椰要 有模有漾 全国 过敏 假 包邮 包退 赔四 ","买面霜送水送入送里面的这三件如果你是第第一次来的你放心你所有的活动都是今天下播之后全部会不止上价格而且今天只要是付了款要零借的如果你是第一次来的我们可以告诉","否","{'type': 1, 'content': {'通用敏感词': '第一'}}","2024_01_30_09_33_18","","yy_makeup_01300213"
"sensitive_video_part/aks_medical_device_013100152024_01_31_08_48_02.flv","抖音商城年货节 奥克斯|医疗器械 500强 给家人一份关爱 0 2号链接 医用同款臂式血压计 日常公 109 有 只接不使 n 准 医用级精准度 医疗注册证 品质保证 售类产品均有行业医疗注融证 4年只换不修赠运费险 ","带回去之后涌到三十天的超长升街方便面去对比对比芯片精准度凭质买一盒式精准秒不喜欢不满意不精准拆没有用过三月份退回来给我来吧现在才是一月份你能够用到三月份都是可以直接","否","{'type': 1, 'content': {'通用敏感词': '精准'}}","2024_01_31_08_48_02","","aks_medical_device_01310015"
"sensitive_video_part/aks_medical_device_013100122024_01_31_08_47_17.flv","抖音商城年货节 奥克斯|医疗器械 成500强 给家人一份关爱 1号链接 医用问款 键精准测 医用同款 4年质保 日常 99 肥胖烦情 有  只接不做 准 医用级精准度 医疗注册证 品质保证 售类产品均有行业医疗注肺证 4年只换不修赠运费险 ","在全国五百块钱榜上有名才有资资格给到您一蒙古人员的芯片林林大凡去外面的小做小宝六七年了十几年的没有资格拿到以某边芯片那么咱们还得往某一模约炮今天芯片我给你带回去省时间省金历史省心钱是不是二类一","否","{'type': 1, 'content': {'通用敏感词': '精准'}}","2024_01_31_08_47_17","","aks_medical_device_01310012"
"sensitive_video_part/hz_makeup_013000922024_01_30_11_24_40.flv","05M 涂 05M OSM OSM 1涂 个 美淡 2双 ","就省钱了姐姐们因为我们真的卖不了几天啊今天真的卖卖不了几天了你放放心吧我们马上马上就要放假了姐姐马上就要放放假了额内个漂亮姐姐我给你说一下啊这个就是装未同款的","否","{'type': 1, 'content': {'通用敏感词': '今天'}}","2024_01_30_11_24_40","","hz_makeup_01300092"
"sensitive_video_part/yy_makeup_013002182024_01_30_09_34_34.flv","团公 抖音商城年货节 中 给到五六保第 干轮 正品保证 肌 过敏包遇 赠送运费险 299 COCONHI 358 10瓶 899 清华原液 40g 试用装 抖音官方旗舰店 自然美椰要 有模有漾 全国 过敏 假 包邮 包退 赔四 ","不懂的话是呃明天就开始飞昆明了就说我要提前放假如果你们还有什么没买没拍的抓紧时间今天最后一天我我放假了姐妹所有的屋里就要停停了啊最后一天卖了然后这个机制如果拍了的结拜有豆豆","否","{'type': 1, 'content': {'通用敏感词': '最'}}","2024_01_30_09_34_34","","yy_makeup_01300218"
"sensitive_video_part/hz_makeup_013000892024_01_30_11_23_54.flv","正品保障 过敏包退 买贵补差 免费试用 有运费险 七天无理由 ","那就是给你们年底捞福利了你们我们就是让你冲销量你们省钱露福利就这么简单兄弟们没有没有什么太复杂的关系姐姐们不要想太复杂啊你想的再复杂终于容易生","否","{'type': 1, 'content': {'通用敏感词': '正品'}}","2024_01_30_11_23_54","","hz_makeup_01300089"
"sensitive_video_part/yy_makeup_013001812024_01_30_09_25_19.flv","抖音商城年货节 肌肤间题 肌肤松弛 299 358元 10瓶 99.9 89.9 精华原液 59.9元 40g 精华乳 试用装 抖音官方旗舰店 自然美椰要 有模有漾 全国 过敏 假 包邮 包退 赔四 ","和大家打完了要链接又没了是不是啊没有了这个呢我就给他过了好吧如果说没有拍到没买到的还在犹豫的可能是第一次来的你们可以放心无论你们拍一拍二我们都会给给到大家安排正装证明的小样双抓","否","{'type': 1, 'content': {'通用敏感词': '第一'}}","2024_01_30_09_25_19","","yy_makeup_01300181"
"sensitive_video_part/yy_makeup_013002572024_01_30_09_44_18.flv","抖音商城年货节 COCONIIYANG 299 ESSEN 358 10瓶 899 精华原酒 试用装 抖音官方旗舰店 自然美椰要 有模有漾 全国 过敏 假 包邮 包退 赔四 ","你想冬天提亮啊你想冬冬天修护让皮肤变得好一些那就冬天你夏天的话温度又高天气又热各种各样不好护肤所以说我们家今天冬天拍","否","{'type': 1, 'content': {'通用敏感词': '今天'}}","2024_01_30_09_44_18","","yy_makeup_01300257"
"sensitive_video_part/aks_medical_device_013100382024_01_31_08_53_48.flv","抖音商城年货节 奥克斯！医疗器械 500强 给家人一份关爱 1号链接 医用同款 键精准测 医用网款 4年质保 日篇 99 医用标准 出差应 有 准 医用级精准度 医疗注册证 品质保证 ±3mmhg 售类产品均有行业医疗注肺证 4年只换不修赠运费险 ","主播间作为源头厂家才能够给到您的福利价格关乎到你的心心脏你的腾讯在吗咱们没有出一个的朋友们满一百零九包邮到家新新闻宝宝都是生不及到三件套四十九块钱也装数据线一点一成就能把三百万输液","否","{'type': 1, 'content': {'通用敏感词': '精准'}}","2024_01_31_08_53_48","","aks_medical_device_01310038"
"sensitive_video_part/yy_makeup_013002092024_01_30_09_32_18.flv","抖音商城年货节 总价值：1062元 素肤网照 痘痘肌 敏敏肌 干纹细纹 肌肤松弛 299元 COCONHIYANG ESSENCE 358 10瓶 99.9 899 清华原液 50g 409 精华 试用装 抖音官方旗舰店 自然美椰要 有模有漾 全国 过敏 假 包邮 包退 赔四 ","对了家门要链接库存给大家算好了要链接这一套今今天只需要一百九十九主播面前的十三件全部都是你们的这一套皮肤问题严重还有你的比较斑斑点点动还有你的甘文细纹皱","否","{'type': 1, 'content': {'通用敏感词': '今天'}}","2024_01_30_09_32_18","","yy_makeup_01300209"
"sensitive_video_part/yy_makeup_013001602024_01_30_09_20_04.flv","抖音商城年货节 358 50g 抖音官方旗舰店 自然美椰要 有模有漾 全国 过敏 假 包邮 包退 赔四 ","照顾屁但是今今天如果你想带走这整一套至少是要卖到我们的三四百五六百块钱但是今天咱们直播间啊对两只洗面奶三号链接给到你再多多送一只牙膏宝宝啊然后咱们这边你们要了几麦要走如果还没拍到的我们只","否","{'type': 1, 'content': {'通用敏感词': '今天'}}","2024_01_30_09_20_04","","yy_makeup_01300160"
"sensitive_video_part/aks_medical_device_013100042024_01_31_08_45_17.flv","抖音商城年货节 奥克斯|医疗器械 500强 给家人一份关爱 0 1号链接 医用同款 键精准测 4年质保 日% 帮耀菌果 有 器 准 医用级精准度 医疗注册证 品质保证 ±3mmhg 售奥产品均有行业医疗注肿证 4年只携不修赠运费险 ","快递说能够打咱爸货两到三三天就能够收到了一号脸随二号链接拍到不知道怎么去使用的回到主播在主播手吧把手教起来这咱们家牛牛有没有去拍幺三九幺八八咱们家艾特宝贝名字宝宝有没有看到一号链接啊一号链接的操作方法是一样","否","{'type': 1, 'content': {'通用敏感词': '精准'}}","2024_01_31_08_45_17","","aks_medical_device_01310004"
"sensitive_video_part/aks_medical_device_013100082024_01_31_08_46_17.flv","抖音商城年货节 奥克斯！医疗器械 500强 给家人一份关爱 4 1号链接 医用同款一键精准测 医用同款 4年质保 日常价 99 精准测量 √出差应所 有 准 医用级精准度 医疗注册证 品质保证 ±3mmhg 售奥产品均有行业医疗注肿证 4年只换不修赠运费险 ","没有难度重啊教授讲讲这类一号奥链接是和二十到五十岁的年年轻朋友一个单芯片的一一某月同款芯片年轻朋友就选一号链接准准准确度是够到二号链接他的资金准度更加高是升级到两个一某月新店德国竞技谋口的","否","{'type': 1, 'content': {'通用敏感词': '精准'}}","2024_01_31_08_46_17","","aks_medical_device_01310008"
"sensitive_video_part/aks_medical_device_013100432024_01_31_08_55_02.flv","抖音商城年货节 奥克斯|医疗器械 500强 给家人一份关爱 3号钱接 新 代豌式血压计 2K高清屏 医用网款 日常公 89 活动到手价 架看规造循果 医用标准 经常验夜 √立压国优 /出差 有 准 医用级精准度 医疗注册证 品质保证 售类产品均有行业医疗注航证 4年只换不修赠运费险 ","满心电我在需要去跑某一也能够进行质检测涉案在直播间外面的朋友都可以点进来看没有必要在外面看是不是咱们做的话我们如果是不金属不明白的地方咱们点进来都可以提问都可以了解清楚如果说合适你就带不","否","{'type': 1, 'content': {'通用敏感词': '精准'}}","2024_01_31_08_55_02","","aks_medical_device_01310043"
"sensitive_video_part/aks_medical_device_013100232024_01_31_09_55_40.flv","抖音商城年货节 奥克斯|医疗器械 成500强 给家人一份关爱 4 1号链接 医用同款一键精准测 医用网款 4年质保 日常 活动到手价 充电收： 医用标准 精准测量 医用级双传感技术 /出差应市 肥胖烦信 有 D 只接不使 准 医用级精准度 医疗注册证 品质保证 ±3mmhg 售类产品均有行业医疗注肺证 4年只携不修赠运费险 ","然后拍的还是非常幸运的能够赶在咱们年底从业界专场保价做到到一种原地板转价格明明年来都不会这个价格了像是咱们所有的后门挑选智能电电子摄像机除了看品牌看品质精准度也是非常重要的","否","{'type': 1, 'content': {'通用敏感词': '精准'}}","2024_01_31_09_55_40","","aks_medical_device_01310023"
"sensitive_video_part/aks_medical_device_013100252024_01_31_08_50_32.flv","抖音商城年货节 奥克斯|医疗器械500强 给家人一份关爱 3号链接 新一代腕式血压计 ZK高消屏 医用网款 日常价 89 活动到手价： 肥胖烦情 √出差虫面 常独夜 有 只接不使 准 医用级精准度 医疗注册证 品质保证 售卖产品均有行业医疗注静证 4年只换不修誉运费险 ","不需要问题要注重起来长辈年纪最大身体可进步不起这么一折腾包括说是是咱们破门经常抽烟喝酒大鱼大肉饮食作息不不回绿的重油重盐重辣的喜欢吃重洞口味的而且有油腻的包括说三狗高铁以及绿偏高的","否","{'type': 1, 'content': {'通用敏感词': '最'}}","2024_01_31_08_50_32","","aks_medical_device_01310025"
"sensitive_video_part/yy_makeup_013000022024_01_30_10_21_37.flv","抖音商城年货节 抖音官方旗舰店 自然美椰要 有模有漾 全国 过敏 假 包邮 包退 赔四 ","抖音后台的一个流程给到你啊好不好姐姐嗯你点击我的这个头像进我看一下我们的抖音粉丝群我们虽然我见到没有了但但是今天也有一个五件套这个五件套更划算更好用更适合我们的新朋友这个我见到是什么呢来听好了如果说咱们直播间挺好的如果你是第一次来我直播间的你","否","{'type': 1, 'content': {'通用敏感词': '第一'}}","2024_01_30_10_21_37","","yy_makeup_01300002"
"sensitive_video_part/yy_makeup_013000052024_01_30_10_22_22.flv","抖音商城年货节 麦角硫因 玻色因 抖音官方旗舰店 自然美椰要 有模有漾 全国 过敏 假 包邮 包退 赔四 ","这种三个音结合在一起能够给到我们有我们有三十岁的姐妹四十岁的姐姐们五十岁姐姐妹如果你的皱皱纹特别深你的法令纹特别深你而且还是生活孩子的你的皮肤冬天还还特别干的最近的皮皮肤老是反反复复的过干过牛的你试试我们家的面霜我们家四面霜来一个特多一内外兼修一个多音主要的","否","{'type': 1, 'content': {'通用敏感词': '最'}}","2024_01_30_10_22_22","","yy_makeup_01300005"
"sensitive_video_part/yy_makeup_013002632024_01_30_09_45_48.flv","抖音商城年货节 四 COCONHIYANG 299 98元 ESSENG 358元 10瓶 99.9 89.9元 59.9元 试用装 抖音官方旗舰店 自然美椰要 有模有漾 全国 过敏 假 包邮 包退 赔四 ","牙上好了开价了啊你们有什么需要的可以自己去拍自行下单所有的话周瑜等等来幺零接最后一单加二来什么人去用呢有豆豆的姐妹敏感地的姐妹然后在你","否","{'type': 1, 'content': {'通用敏感词': '最'}}","2024_01_30_09_45_48","","yy_makeup_01300263"
"sensitive_video_part/aks_medical_device_013100152024_01_31_09_53_41.flv","抖音商城年货节 奥克斯|医疗器械500强 给家人一份关爱 2号链接 医用同款臂式血压计 医用同款 日常： 109 架帮耀造菌果 /肥胖烦信 有 周乐 准 医用级精准度 医疗注册证 品质保证 售卖产品均有行业医疗注静证 4年只换不修赠运费险 ","充气管充气管的接口连接需要记这个是第第一部先联系啊朋友们现在讲解的是教学时间咯所有拍到的朋友都可以回来参教员没有拍到抓紧时间喽再有一个小箭头小箭头跟中信气管朝下目定卡后担任单手自检自送","否","{'type': 1, 'content': {'通用敏感词': '第一'}}","2024_01_31_09_53_41","","aks_medical_device_01310015"
"sensitive_video_part/aks_medical_device_013100062024_01_31_08_45_47.flv","抖音商城年货节 奥克斯医疗器械 500强 给家人一份关爱 2 4 3号链接 新一代腕式血压计 2K高消屏 医用同 日带1 89 活动到手价 有 准 医用级精准度 医疗注册证 品质保证 售爽产品均有行业医疗注肿证 4年只换不修警运费险 ","充气管的接口连接是按这个是第一步先连接哦好吗然后充气管的小件头朝下到跟咱们的一个小箭头充气管是一个方向固定卡后单人单手自减自测三六零 B的手臂粗细可以自行条件男女老少全家老","否","{'type': 1, 'content': {'通用敏感词': '第一'}}","2024_01_31_08_45_47","","aks_medical_device_01310006"
"sensitive_video_part/hz_makeup_013000482024_01_30_11_13_40.flv","88四盒 88元/4盒 OSM OSM 1涂 1涂 心 美淡 2# 2放 到手20片 1盒5片 OSM 济 斑 V ","我们是做自己的事情啊做卖自己的货走自己的路啊让别人别人说去吧是今天这个福利今天这个价格啊支持买贵补差你接受的","否","{'type': 1, 'content': {'通用敏感词': '今天'}}","2024_01_30_11_13_40","","hz_makeup_01300048"
"sensitive_video_part/yy_makeup_013002222024_01_30_09_35_34.flv","抖音商城年货节 299 COCONUT IEBSENCE 10瓶 华原液 40 精华 试用赖 抖音官方旗舰店 自然美椰要 有模有漾 全国 过敏 假 包邮 包退 赔四 ","抓住我们四十六的送你正装的洗面奶一只在做梦你没有了是不是没有了再送你五片修复面膜再送你海葡萄精华原液再送到大家一套正装小样形容装说最早咱们主播如果你要拍一下的话这","否","{'type': 1, 'content': {'通用敏感词': '最'}}","2024_01_30_09_35_34","","yy_makeup_01300222"
"sensitive_video_part/yy_makeup_013002442024_01_30_09_41_03.flv","抖音商城年货节 50g 抖音官方旗舰店 自然美椰要 有模有漾 全国 过敏 假 包邮 包退 赔四 ","发黑冬天最近还特别容易换季容易敏感皮肤干燥要粗糙有没有的有我们冬天这两天喊感觉特别潮有没有发现感觉空气特别湿润很多一些皮很多","否","{'type': 1, 'content': {'通用敏感词': '最'}}","2024_01_30_09_41_03","","yy_makeup_01300244"
"sensitive_video_part/hz_makeup_013000672024_01_30_11_18_25.flv","8m RE 给力 88元/4盒 OSM OSM 1涂 1涂 1涂 1涂 美淡 20 到手20片 1盒5片 OSM OSM OSM 1涂 1涂 美淡 斑 ","我失眠李白也很白大妈姐姐们欢迎那个云开月明宝点进去抓抓紧去下单啊一号链接今天下单今天发货报点击问今天下单今今天发货我们马马上这个快递嘛","否","{'type': 1, 'content': {'通用敏感词': '今天'}}","2024_01_30_11_18_25","","hz_makeup_01300067"
"sensitive_video_part/aks_medical_device_013100522024_01_31_08_57_17.flv","抖音商城年货节 奥克斯|医疗器械500强 给家人一份关爱 2号链接 医用向款臂式血压计 清大屏 三色青光 日常 109 架森耀造当果 精准测量 /立压围扰 应  准 医用级精准度 医疗注册证 品质保证 售奥产品均有行业医疗注脚证 4年只换不修誉运费险 ","年轻朋友咱们选择一号类的一个单芯片也能进行精准选择充电版本的 R一连冲一次电两次电就能用吗一种元的时间续航能力数比较强的没必要天天散三天两头的就去充电一年","否","{'type': 1, 'content': {'通用敏感词': '精准'}}","2024_01_31_08_57_17","","aks_medical_device_01310052"
"sensitive_video_part/yy_makeup_013002012024_01_30_09_30_18.flv","抖音商城年货节 抖音官方旗舰店 自然美椰要 有模有漾 全国 过敏 假 包邮 包退 赔四 ","打了薪资的我废废话不多讲你们打了新自的来你买下抗座面霜今天是最最后一天一样的啊官方的这个活动最后一天所有的活动你昨天没拍拍到你今天在","否","{'type': 1, 'content': {'通用敏感词': '最'}}","2024_01_30_09_30_18","","yy_makeup_01300201"
"sensitive_video_part/yy_makeup_013002162024_01_30_09_34_04.flv","抖音商城年货节 299元 358 10瓶 99.9 89 清华原液 50g 40g 精华 试用装 抖音官方旗舰店 自然美椰要 有模有漾 全国 过敏 假 包邮 包退 赔四 ","到两单了还有最后两单这套的话有豆豆接敏感接哇最最近年味好足啊我们旁边不知道在干什么炮掌声噼里啪啦噼里啪啦在想啊马上要过年了物流也要停停了所以我","否","{'type': 1, 'content': {'通用敏感词': '最'}}","2024_01_30_09_34_04","","yy_makeup_01300216"
"sensitive_video_part/yy_makeup_013002112024_01_30_09_32_48.flv","抖音商城年货节 299 10瓶 清华原液 50g 400 勒华 试用装 抖音官方旗舰店 自然美椰要 有模有漾 全国 过敏 假 包邮 包退 赔四 ","过敏包退的喜欢的姐妹可以放心拍了必要链接年货接线识福利今天是最后一天不多先先到我们今天所有的活动今天最后一天说说你们错过今天你们明天","否","{'type': 1, 'content': {'通用敏感词': '最'}}","2024_01_30_09_32_48","","yy_makeup_01300211"
"sensitive_video_part/yy_makeup_013002032024_01_30_09_30_48.flv","抖音商城年货节 40g 周华乳 抖音官方旗舰店 自然美椰要 有模有漾 全国 过敏 假 包邮 包退 赔四 ","这个如果说三百五十八给给你一套输入是不是感感觉还是很划算的对的但我今天今天你听好了我们今天年货节地板的价格我今天我三五八不要五二五八不要拍一下咱们家的警是修货康州","否","{'type': 1, 'content': {'通用敏感词': '今天'}}","2024_01_30_09_30_48","","yy_makeup_01300203"
"sensitive_video_part/aks_medical_device_013100532024_01_31_08_57_32.flv","抖音商城年货节 奥克斯|医疗器械 500强 给家人一份关爱 2 4 2号链接 医用同款臂式血压计 三色光 日带价 109 √出差应配 用级 直压围扰 确至±3mmhg √肥胖爆信 有  只接不请 9p 准 医用级精准度 医疗注册证 品质保证 售类产品均有行业医疗注证 4年只换不修誉运费险 ","到两次就可以了像是咱们所有的朋友们挑选智能电子下界除了除了看品牌看品质精准度也是非常重要的您今天来到的不是小小做小放奥克斯作为三十八年老婆货医疗器械证行业呢","否","{'type': 1, 'content': {'通用敏感词': '精准'}}","2024_01_31_08_57_32","","aks_medical_device_01310053"
"sensitive_video_part/aks_medical_device_013100162024_01_31_09_53_55.flv","抖音商城年货节 奥克斯|医疗器械500强 给家人一份关爱 4 1号链接 医用同款一 一键精准测 4年质保 日常 架香耀造果 √经常幕夜 有  准 医用级精准度 医疗注册证 品质保证 4年只换不修赠运费险 ","单手自减自送三六零地带手臂出现自行条件男女老少全家老小小是通用的那在左边两个手指宽距离电击开机关机键就不能检测到我的价是高了还是低了心率不齐外国异常心跳加快的问题","否","{'type': 1, 'content': {'通用敏感词': '精准'}}","2024_01_31_09_53_55","","aks_medical_device_01310016"
"sensitive_video_part/yy_makeup_013001922024_01_30_09_28_03.flv","抖音商城年货节 抖音官方旗舰店 自然美椰要 有模有漾 全国 过敏 假 包邮 包退 赔四 ","先打开面霜最后去用面霜给他拿出一坨放在手心手心里面他需要激活因为这面霜里面满满的都是精华他往下倒扣他的精华都不会留不掉所以这个精华您用的时候","否","{'type': 1, 'content': {'通用敏感词': '最'}}","2024_01_30_09_28_03","","yy_makeup_01300192"
"sensitive_video_part/hz_makeup_013001202024_01_30_11_31_40.flv","88四盒 RE 给力 88元/4盒 OSM 1涂 OSM 1涂 20 到手20片 1盒5片 OSM OSM 1涂 ","二姐姐是吧没问题长头姐姐今天下午就给你发走放心吧今天下单今天帮货姐姐们我们我们也是紧紧锣密鼓的给你们赶紧打打包发货我们","否","{'type': 1, 'content': {'通用敏感词': '今天'}}","2024_01_30_11_31_40","","hz_makeup_01300120"
"sensitive_video_part/aks_medical_device_013100112024_01_31_09_52_41.flv","抖音商城年货节 奥克斯|医疗器械 500强 给家人一份关爱 0 2号链接 医用同款臂式血压计 三色青光 医用阅款 日带1 109 30天超长试用 用标准 有 准 医用级精准度 医疗注册证 品质保证 售类产品均有行业医疗注肿证 4年只携不修赠运费险 ","作为源头厂家一台也是工厂执法家二秀的朋友们而且做到保价一种连下来第一板砖了且拍拍且珍惜下降护所没有那么多明天你再来你都看不到我咱们放假了做做到八十九块钱包邮到家一人只能拍一单啊新粉宝宝专享福利来的","否","{'type': 1, 'content': {'通用敏感词': '第一'}}","2024_01_31_09_52_41","","aks_medical_device_01310011"
"sensitive_video_part/hz_makeup_013001182024_01_30_11_31_10.flv","正品保障 过敏包退 买贵补差 免费试用 有运费险 七天无理压 88元/4盒 OSM OSM 1涂 1涂 1涂 1涂 美淡 美淡 骏 政文王 20 2 到手20片 1盒5片 OSM 1涂 1涂 涂 ","哪个身份证一样收到汪兆酒店爸你能够想到的所有的药我发给你全部都验一遍验到你开心满意为止最后小涵姐姐看到了吗姐姐今天变完货","否","{'type': 1, 'content': {'通用敏感词': '最'}}","2024_01_30_11_31_10","","hz_makeup_01300118"
"sensitive_video_part/yy_makeup_013001332024_01_30_09_13_19.flv","抖音商城年货节 COCONYTYANG ESSENGE 358 10瓶 清华原液 509 试用装 抖音官方旗舰店 自然美椰要 有模有漾 全国 过敏 假 包邮 包退 赔四 ","十九十次是不是九百九是的丹丹麦二两百九十九的我给你再送一套给不给力啊要的姐妹来打要字今天不多就这个机制最后一天上这个机器是你要再怎么算算这套至少是一千零六十二但是今天一七天八百四百我两百不要","否","{'type': 1, 'content': {'通用敏感词': '最'}}","2024_01_30_09_13_19","","yy_makeup_01300133"
"sensitive_video_part/hz_makeup_013000802024_01_30_11_21_40.flv","RE 88元/4盒 OSM OSM 1涂 1涂 1涂 1涂 中 美淡 到手20片 1盒5片 OSM 1涂 斑 文王 ","锻炼适用一到两片最终你觉得喜欢了你觉得满意了姐姐你再留下来哎不喜欢不买满意了姐姐直接退买的运气买的明显行不行想出一姐姐现在你还单担心你家","否","{'type': 1, 'content': {'通用敏感词': '最'}}","2024_01_30_11_21_40","","hz_makeup_01300080"
"sensitive_video_part/VAA_makeup_013000042024_01_30_18_47_28.flv","肤卸妆 人先入会再下单尊享会员权益 ","也就是单单卸妆膏您可以带走二百七十七十克相当于三瓶正装的一辆宝贝们相相当于三瓶正装一辆而且还还不够因为来到我们直播间姐妹呢主播相信大家都是对生活对品质有追求有热爱的对不对那肯定也要经常出去旅游或者说要不可避免的去吃出差对不对那今天咱们直播间拍到姐妹一号链接在额外","否","{'type': 1, 'content': {'通用敏感词': '今天'}}","2024_01_30_18_47_28","","VAA_makeup_01300004"
"sensitive_video_part/yy_makeup_013002592024_01_30_09_44_48.flv","抖音商城年货节 给到五大保障 正品保证 假一罚三 过敏包退 299 ESSEN 358 10瓶 89.9 59.9 试用装 抖音官方旗舰店 自然美椰要 有模有漾 全国 过敏 假 包邮 包退 赔四 ","做到正品保障甲易赔三七天护理由有过更包退有音费浅浅的大家不用担心如果你是新来的姐妹第一次发可能会担心他不好用不是好我再给他打送到盛装因","否","{'type': 1, 'content': {'通用敏感词': '第一'}}","2024_01_30_09_44_48","","yy_makeup_01300259"
"sensitive_video_part/VAA_makeup_013000522024_01_30_18_59_28.flv","红山茶精粹 SPA级养肤卸妆 挚爱贵妇卸妆膏 人先入会再下单尊享会员权益 ","自己用的好才是真的好宝贝们你回家去用一下如果说用的好的你把蒜蓉糕和咱们的一个试用装都留下来对不对如果说用的不好的您把试用装留下来算主播送送给你的您把咱们正装给主播直接退回来就可以了我们七天无聊灭谢谢明明显我们都是直接来安排到位的所以说您可以去买放心买有保障宝贝们那今天在我们主播间最后两","否","{'type': 1, 'content': {'通用敏感词': '最'}}","2024_01_30_18_59_28","","VAA_makeup_01300052"
"sensitive_video_part/yy_makeup_013000132024_01_30_10_24_22.flv","抖音商城年货节 抖音官方旗舰店 自然美椰要 有模有漾 全国 过敏 假 包邮 包退 赔四 ","今天这个面霜他活动也划算买单单一只三百多的一个面面霜如果你要买五件套是不是要买到三百九十九对的一套五件对吧但是今天咱们直播间买我们家的四件礼也可以因为我们家今天咱们直播间是买一样的这个波色印的面霜三五八不一样二五八不要一百多我给你带走五件卖面霜","否","{'type': 1, 'content': {'通用敏感词': '今天'}}","2024_01_30_10_24_22","","yy_makeup_01300013"
"sensitive_video_part/yy_makeup_013001312024_01_30_09_12_49.flv","抖音商城年货节 509 试用装 抖音官方旗舰店 自然美椰要 有模有漾 全国 过敏 假 包邮 包退 赔四 ","面膜我给你再送一整盒大不大气我还有面到五片六七八九十七十十一届十二件了对对不对但是今天今天咱们直播间来十二件到手有多有有很多人是开始找慢慢点点的皮肤是开始松开下滑的我直播间里面","否","{'type': 1, 'content': {'通用敏感词': '今天'}}","2024_01_30_09_12_49","","yy_makeup_01300131"
"sensitive_video_part/aks_medical_device_013100512024_01_31_08_57_02.flv","抖音商城年货节 奥克斯|医疗器械500强 给家人一份关爱 2 0 3号链接 新一代腕式血压计 2K高消屏 医用网款 日常价： 905 89 活动到手价： 有 准 医用级精准度 医疗注册证 品质保证 ±3mmhg 售卖产品均有行业医疗注静证 4年只换不修普运费险 ","这三款里面还在这个级别的咱们家风格家里没有长辈去使用吗如果说有到长辈跟我一起去用的咱们家长辈已经是超过五十岁了就带咱们家二号链接两个一某院的芯片的精准度肯定是比一个芯片更加高的","否","{'type': 1, 'content': {'通用敏感词': '精准'}}","2024_01_31_08_57_02","","aks_medical_device_01310051"
"sensitive_video_part/hz_makeup_013000422024_01_30_11_12_09.flv","88四盒 RE O5M 88元/4盒 OSM OSM 1涂 1涂 1涂 美淡  2 2政 到手20片 1盒5片 OSM OSM 1涂 1涂 涂 美淡 斑 斑 2双 ","都是好日系好多节也说你卖这么便宜是不是年期货呀我的我的天我们家猪很快的二零二七年七月二十几号的一个新消息就是你可以放四年保质期的是四年的可以放四年没有问题的今天拍全部都是今天发现过线","否","{'type': 1, 'content': {'通用敏感词': '今天'}}","2024_01_30_11_12_09","","hz_makeup_01300042"
"sensitive_video_part/hz_makeup_013001192024_01_30_11_31_26.flv","88四1 RE 88元/4盒 OSM OSM 1涂 1涂 1涂 玫 到手20片 1盒5片 OSM 1涂 涂 美淡 个饼 ","最终你喜欢了满意了你再留下来不喜欢不满意啦小涵姐姐直接退买的有运险买的有明显姐姐小韩姐姐还担不担心姐姐你还有什么担心的地方你跟我说","否","{'type': 1, 'content': {'通用敏感词': '最'}}","2024_01_30_11_31_26","","hz_makeup_01300119"
"sensitive_video_part/hz_makeup_013000152024_01_30_11_05_27.flv","OSM 18 88元/4盒 OSM OSM 1涂 1涂 1涂 1涂 一 美淡 舍斑 2折 到手20片 1盒5片 OSM 1涂 OSM OSM 美淡 斑 斑 ","也呃柔肤水的作用就就是打开我们的一个毛孔啊就是一个二二十星级就是我们让我们毛打开啊让后续产品更好吸收然后就可以直接去贴这个面膜了啊这个面膜就是先去涂再去敷","否","{'type': 1, 'content': {'通用敏感词': '星级'}}","2024_01_30_11_05_27","","hz_makeup_01300015"
"sensitive_video_part/aks_medical_device_013100302024_01_31_08_51_47.flv","抖音商城年货节 奥克斯医疗器械 500强 给家入一份关爱 2号链接 医用同款臂式血压计 高清大屏 三色青光 日常4 109 张森耀益普果 医用标准 出差应所 有 准 医用级精准度 医疗注册证 品质保证 4年只换不修增运费险 ","四分钟开关注现在正在调查这个是怎么讲一号练习的语音播报把关注","否","{'type': 1, 'content': {'通用敏感词': '精准'}}","2024_01_31_08_51_47","","aks_medical_device_01310030"
"sensitive_video_part/yy_makeup_013002522024_01_30_09_43_03.flv","抖音商城年货节 COCONJIYANG 299 ESSEN 10瓶 89.9 99 精华原酒 试用装 抖音官方旗舰店 自然美椰要 有模有漾 全国 过敏 假 包邮 包退 赔四 ","我就不会让你白拍正装正品的同款他想要双张再送一套用的可以的留用的不可以的那个退回来可以还不多说运营要链接直接改价要有准备上链接","否","{'type': 1, 'content': {'通用敏感词': '正品'}}","2024_01_30_09_43_03","","yy_makeup_01300252"
"sensitive_video_part/yy_makeup_013002582024_01_30_09_44_33.flv","抖音商城年货节 给到五大保障 正品保证 七天无理 299 ESSEN 899 99 精华原液 试用装 抖音官方旗舰店 自然美椰要 有模有漾 全国 过敏 假 包邮 包退 赔四 ","装的水送正宗的乳送正装的我们的这个截面前面再送郑的海葡萄精华再送正装的我们刺炮的我们的这个面膜说这整套这十五件二那个十三件","否","{'type': 1, 'content': {'通用敏感词': '正品'}}","2024_01_30_09_44_33","","yy_makeup_01300258"
"sensitive_video_part/aks_medical_device_013100062024_01_31_09_51_26.flv","抖音商城年货节 奥克斯|医疗器械 500强 给家人一份关爱 2 3号链接 新一代腕式血压计 K高清屏 实用同款 日常价 89 活动到手价 医用标准 精准测量 /出盖点系 准 医用级精准度 医疗注册证 品质保证 ±3mmhg 售类产品均有行业医疗注肺证 4年只换不修赠运费险 ","排下到咱们都给他安排十点钟物流派他说打单发货没错咱给咱们家六七二六宝贝安排十点钟有物流快递到货打开早发货啊库存给大家我们名额有限先到先得到像是三号手腕是智能电子扇打击的话","否","{'type': 1, 'content': {'通用敏感词': '精准'}}","2024_01_31_09_51_26","","aks_medical_device_01310006"
"sensitive_video_part/aks_medical_device_013100082024_01_31_09_51_57.flv","抖音商城年货节 奥克斯|医疗器械 500强 给家人一份关爱 0 1号链接 医用同款一 键精准测 医用同款 4年民保 日常 90 活动到手价 架希耀益当果 精准测量 中 出差应所 有 OP 准 医用级精准度 医疗注册证 品质保证 售爽产品均有行业医疗注游证 4年只换不修誉运费险 ","有三号链接对咱们都可以去考验收到主后亮出你的左手腕我家天气太冷啦你零下几度零下十几度二十度到我胖了不想脱衣服露袖子也能装自检制造对不对一一卡一扣带戴左手手腕上就能够检测到我的高血压低血压心率指和脉搏之乐","否","{'type': 1, 'content': {'通用敏感词': '精准'}}","2024_01_31_09_51_57","","aks_medical_device_01310008"
"sensitive_video_part/aks_medical_device_013100142024_01_31_09_53_25.flv","抖音商城年货节 奥克斯|医疗器械 500强 给家人一份关爱 2 0 新一代腕式血压计 2号链接 ZK高清异 医用间款 单手操作 日常价： 4109 89 医用标准 出差应 只换不使 准 医用级精准度 医疗注册证 品质保证 ±3mmhg 售奥产品均有行业医疗注肿证 4年只换不修赠运费险 ","去使用到回到直播间主主播手把手教学员一号链接啊一号链接都是上上必是智能电阻帅机但是二号链接它的精精准度更加高能够不满足二十岁用到一百岁全家老小通用的找到必带代价充气管充气管的接口","否","{'type': 1, 'content': {'通用敏感词': '精准'}}","2024_01_31_09_53_25","","aks_medical_device_01310014"
"sensitive_video_part/yy_makeup_013001832024_01_30_09_25_45.flv","抖音商城年货节 299 358 10瓶 89.9 精华乳 试用装 抖音官方旗舰店 自然美椰要 有模有漾 全国 过敏 假 包邮 包退 赔四 ","上链接最后一单他是不是被拍完了没有了嗯如果没有的话就不没有了啊冬天到了是不是选择一二链接对冬天其实我觉得医药链接","否","{'type': 1, 'content': {'通用敏感词': '最'}}","2024_01_30_09_25_45","","yy_makeup_01300183"
"sensitive_video_part/yy_makeup_013001352024_01_30_09_13_49.flv","抖音商城年货节 299. ESSENCE 358 10瓶 青华原液 50g 试用装 抖音官方旗舰店 自然美椰要 有模有漾 全国 过敏 假 包邮 包退 赔四 ","下因为这倒是升级版的看了来不多说运营制底下一二零 GS三啊耶前门一号链接库存给大家上好了今天只只需要一百九十九拍下一一号链接主播面前的全部都是你的这这套皮肤问题总和你的翻拍点点严重还有你的","否","{'type': 1, 'content': {'通用敏感词': '今天'}}","2024_01_30_09_13_49","","yy_makeup_01300135"
"sensitive_video_part/hz_makeup_013001102024_01_30_11_29_09.flv","88四 SKIN 给 88元/4盒 OSM OSM 1涂 1涂 1涂 1涂 2% 2时 到手20片 1盒5片 1涂 OSM OSM 1涂 玫斑 ","都了解年底了快递马上就要停了我们真的播不了几年了啊好吧我们就想趁着这最后几天趁趁早在最后几天冲一波销量现在我们已经冲到八千签到了姐姐们","否","{'type': 1, 'content': {'通用敏感词': '最'}}","2024_01_30_11_29_09","","hz_makeup_01300110"
"sensitive_video_part/aks_medical_device_013100172024_01_31_09_54_11.flv","抖音商城年货节 奥克斯|医疗器械500强 给家人一份关爱 3号链接 新一代腕式血压计 2K高消屏 聚用同收 日常1 89 活动到手价： 经常致在 有 准 医用级精准度 医疗注册证 品质保证 售爽产品均有行业医疗注静证 4年只换不修赠运费险 ","脉搏一场心跳加快的问题每一个都关乎心脏好发现没有每一个都欢呼的血管大脑和躯干血液流通道算能够做到愈合投放肯定是越早越好毕竟他穿小板小毛不一定一样啊不会用智能智能手机的长长辈一样可以做到包交包括呀","否","{'type': 1, 'content': {'通用敏感词': '精准'}}","2024_01_31_09_54_11","","aks_medical_device_01310017"
"sensitive_video_part/aks_medical_device_013100072024_01_31_08_46_01.flv","抖音商城年货节 奥克斯医疗器械 500强 给家人一份关爱 2号链接 医用同款臂式血压计 赢清大屏 三色青光 医用同款 日常 109 活动到手价 架添耀菌果 医用标准 有 准 医用级精准度 医疗注册证 品质保证 4年只换不修赠运费险 ","全家老小全家通用做我跟我上帝两个手指夸给了代号点击开机关机键现就能检测到高血压低血压心率指和脉搏直了不会再用智能手机的长辈一样可以做到包叫包括轻松上手没有难度重啊","否","{'type': 1, 'content': {'通用敏感词': '精准'}}","2024_01_31_08_46_01","","aks_medical_device_01310007"
"sensitive_video_part/yy_makeup_013001552024_01_30_09_18_49.flv","团 抖音商城年货节 89.9元 59.9元 358元 50g 抗皱-面霜 抖音官方旗舰店 自然美椰要 有模有漾 全国 过敏 假 包邮 包退 赔四 ","海涛精华更加补水榜保持了这个精华原因啊这个精华也是次泡精华的它是每一每每一瓶是五牛要玩水样的把海葡萄精华液鸡蛋跌再受心理念错热按压伤脸最后一步你再把我们家家给到你们今天做活动的面霜","否","{'type': 1, 'content': {'通用敏感词': '最'}}","2024_01_30_09_18_49","","yy_makeup_01300155"
"sensitive_video_part/yy_makeup_013000042024_01_30_10_22_07.flv","抖音商城年货节 358元 50g 抗皱-面霜 抖音官方旗舰店 自然美椰要 有模有漾 全国 过敏 假 包邮 包退 赔四 ","精华面霜的今天有一套了什么呢就就是我们家三英教育员康州面霜这个三一叫原告上正面上单一个就三百五十八了为什么呢因为这个面霜里面蕴含非常丰富的我们的波色音立刻多音麦小流音它这种三个音结合在一起能够给到我们有我们有三十岁的姐妹四十岁的姐妹五十岁姐姐","否","{'type': 1, 'content': {'通用敏感词': '今天'}}","2024_01_30_10_22_07","","yy_makeup_01300004"
"sensitive_video_part/VAA_makeup_013000282024_01_30_18_53_28.flv","红山茶精粹 SPA级养肤卸妆 挚爱贵妇卸妆膏 人先入会再下单尊享会员权益 ","呃试用装留下来算主播送给您的您把正装给主主播退回去就可以了宝贝们今天天无聊运闲散没没明显我们都是直直接给大家安排到位的所以说呢不要去纠结不要去犹豫抓紧时间秒拍秒破最后两组两弹宝贝们还有八分钟时间主播就下下播了最后两两组两单拍到的姐妹主播在额外加到您七号链接猪猪姐姐走红毯都在","否","{'type': 1, 'content': {'通用敏感词': '最'}}","2024_01_30_18_53_28","","VAA_makeup_01300028"
"sensitive_video_part/aks_medical_device_013100482024_01_31_08_56_17.flv","抖音商城年货节 奥克斯|医疗器械 500强 给家人一份关爱 0 新一代式血压计 2号链接 2X亮清屏 医用风款 单手操作 日带价 109 89 活动到手价： 出差 立压国  只换不使 准 医用级精准度 医疗注册证 品质保证 ±3mmhg 售奥产品均有行业医疗注睡证 4年只换不修赠运费险 ","指环距离点击开机关机键就能检测到我那个高血压低血压心率指和脉搏值不会用智能手机的一样可以做到包胶包会轻松松上手为难动这个就是咱们家二二链接的操作方法了来学会的","否","{'type': 1, 'content': {'通用敏感词': '精准'}}","2024_01_31_08_56_17","","aks_medical_device_01310048"
"sensitive_video_part/aks_medical_device_013100192024_01_31_08_49_02.flv","抖音商城年货节 奥克斯|医疗器械 500强 给家人一份关爱 0 用同款臂式血压计 1号链接 医 高清大屏 三色背光 日带价 109 活动到手价 自压团优 有 准 医用级精准度 医疗注册证 品质保证 售类产品均有行业医疗注航证 4年只携不修撒运费险 ","买贵了可以支持咱们退下但是你如果说优惠价格没排到我价多少上涨了您没有拍还要之前那个价格的那您之前为什么不拍呢是不是道理就是这样子所以说咱们了解清楚的都可以直接去拍到像是咱们家三七二八安排九点九点钟物流快递打他","否","{'type': 1, 'content': {'通用敏感词': '精准'}}","2024_01_31_08_49_02","","aks_medical_device_01310019"
"sensitive_video_part/yy_makeup_013001442024_01_30_09_16_03.flv","抖音商城年货节 299 EBSENCL 358 10瓶 精华原液 50g 华乳 试用美 抖音官方旗舰店 自然美椰要 有模有漾 全国 过敏 假 包邮 包退 赔四 ","啊那你可以选择二号带带有美妆的素颜开双他俩不同的正品有不同的功效一号更加紧致抗望老有斑点重点推荐二号修护啊补水美妆如果说过年回家想化一点装的或怎么样的","否","{'type': 1, 'content': {'通用敏感词': '正品'}}","2024_01_30_09_16_03","","yy_makeup_01300144"
"sensitive_video_part/VAA_makeup_013000052024_01_30_18_47_43.flv","红山茶精粹 SPA级养肤卸妆 挚爱贵妇卸妆膏 人先入会再下单尊享会员权益 山自教 ","有或者说要不可能的避免的去吃出差对不对那今天咱们直播间拍到姐妹一号链接在额外加呢你三十片的一个卸妆湿巾宝宝贝们一片谢全脸让您越干净宝贝们出差旅行携带携带动都很方便啊咱们那个睫毛膏啊眼线呀粉粉底液呀都能来轻松去除那今天咱们直播间拍到的姐妹主播在额外加到您两个","否","{'type': 1, 'content': {'通用敏感词': '今天'}}","2024_01_30_18_47_43","","VAA_makeup_01300005"
"sensitive_video_part/hz_makeup_013000612024_01_30_11_16_54.flv","RE OSM 88元/4盒 OSM OSM 1涂 1涂 1涂 1涂 5. 美淡 20 到手20片 1盒5片 OSM OSM 1涂 美淡 斑 2吸 ","保证正品产品的背面都是有防卫码一和一码的保证是专柜的品质放心去拍装为什么样子你在专柜买的什么样子你们收到的货我今天就是什么样这样子的全全部都是好","否","{'type': 1, 'content': {'通用敏感词': '今天'}}","2024_01_30_11_16_54","","hz_makeup_01300061"
"sensitive_video_part/hz_makeup_013000932024_01_30_11_24_54.flv","1涂 ","这是专柜被同款的啊欧诗漫的小白灯四件套珍贵售价四百九九十九块钱今天在我直播间一百九十九另外大姐姐想要带带双的姐姐想想要带","否","{'type': 1, 'content': {'通用敏感词': '今天'}}","2024_01_30_11_24_54","","hz_makeup_01300093"
"sensitive_video_part/yy_makeup_013002142024_01_30_09_33_34.flv","抖音商城年货节 抖音官方旗舰店 自然美椰要 有模有漾 全国 过敏 假 包邮 包退 赔四 ","是从文昌市发不能够做到证明保障甲 AB三购买包退能够做到七天无理由能够做到有运费险啊能够做到我们的过敏包退然后今天的年货节的期间会给大家准备好我们的小熊背背年后","否","{'type': 1, 'content': {'通用敏感词': '今天'}}","2024_01_30_09_33_34","","yy_makeup_01300214"
"sensitive_video_part/aks_medical_device_013100472024_01_31_08_56_02.flv","抖音商城年货节 奥克斯|医疗器械 500强 给家人一份关爱 3号链接 新一代腕式血压计 2K高消屏 医用间款 日带公 89 活动到手价 /出差应M 有 不 准 医用级精准度 医疗注册证 品质保证 售奥产品均有行业医疗注证 4年只携不修赠运费险 ","峰哥哥安排九点钟物流拍电车给您打造发货然后必带有一个小小电脑小箭头中气管朝下固定卡后单人单首字减自测没问题的三六零必带手臂粗细自行条条件男女老少保全家老小通用大赞","否","{'type': 1, 'content': {'通用敏感词': '精准'}}","2024_01_31_08_56_02","","aks_medical_device_01310047"
"sensitive_video_part/hz_makeup_013000282024_01_30_11_08_41.flv","88四盒 RE 88元/4盒 OSM OSM 1涂 1涂 产 美淡 自斑 2 到手20片 1盒5片 1涂 涂 斑 斑 ","我情愿现现在厂家已经发布已经已经发不出来卖货了厂家已经是他们都放假了啊已经发不出来发货了所以说呢年前如果是想囤货的话趁现在还有现货趁现在快递的物流还没有停我们我可以多存一点相信","否","{'type': 1, 'content': {'通用敏感词': '趁现在'}}","2024_01_30_11_08_41","","hz_makeup_01300028"
"sensitive_video_part/aks_medical_device_013100222024_01_31_08_49_48.flv","抖音商城年货节 奥克斯|医疗器械500强 给家人一份关爱 2号链接 医用同款臂式血压计 高清大屏 三色请光 日常公 109 只添耀益果 有 只接不使 准 医用级精准度 医疗注册证 品质保证 售奥产品均有行业医疗注静证 4年只换不修赠运费险 ","然后呢做到到一个运河方关乎我们新藏大脑血管管道能够做到愈合防对于重要组成人整体的一个身体部位肯定是越早越好的小问题不去住手续牙活动等着血液冲撞血液管闭冬季血管 BEEF收缩一旦通过之后心胸某搞","否","{'type': 1, 'content': {'通用敏感词': '精准'}}","2024_01_31_08_49_48","","aks_medical_device_01310022"
"sensitive_video_part/hz_makeup_013000032024_01_30_12_29_28.flv","88四 SKIN CARE RE 88元/4盒 OSM OSM 1涂 1涂 1涂 1涂 美淡 取 玫斑 2败 2收 到手20片 1盒5片 OSM OSM OSM 1涂 1涂 涂 美淡 斑 ","兄弟们好吧能现在能拍到八十八年四核说明还有库存啊赶紧赶紧去下单啊姐姐们最后几单了啊最后几单了啊有班但美版美白直接让你变白的让你变白的一款面膜好放心举办啊","否","{'type': 1, 'content': {'通用敏感词': '最'}}","2024_01_30_12_29_28","","hz_makeup_01300003"
"sensitive_video_part/aks_medical_device_013100052024_01_31_09_51_11.flv","抖音商城年货节 奥克斯|医疗器械 500强 给家人一份关爱 1号链接 医用同款 一键精准测 医用同款 4年肤保 日常 99 活动到手价 自压围状 有 只接不 准 医用级精准度 医疗注册证 品质保证 ±3mmhg 售爽产品均有行业医疗注肿证 4年只换不修赠运费险 ","一年就可以用满三百六十五天同样有的必代价充气管有到咱们家说那袋三的活动好了解清楚右下角小黄车二号链接可以刷屏去拍所有的朋友们最后五分钟时间咯能够在十点前排下到在我们都给他安排十点钟","否","{'type': 1, 'content': {'通用敏感词': '最'}}","2024_01_31_09_51_11","","aks_medical_device_01310005"
"sensitive_video_part/VAA_makeup_013000502024_01_30_18_58_59.flv","红山茶精粹 SPA级养肤卸妆 挚爱贵妇卸妆膏 人先入会再下单尊享会员权益 ","还额外加的你的两个定制的排除桌产保密吧还有额外加的你两个定制的排球场排球场有两个用处啊宝贝们第一个用处呢它是可以去挖的形容膏那第二第二用处呢它可以去刮一刮我们的一个小黑小黑头关于我们小象爸爸先是使用的话黑头粉丝都能有一定程度的一个小改善的宝贝们那今天咱们不会再有些姐妹说了那我之前没有用过你加 V的一个身份高对对我怎么知道他好不好用","否","{'type': 1, 'content': {'通用敏感词': '第一'}}","2024_01_30_18_58_59","","VAA_makeup_01300050"
"sensitive_video_part/yy_makeup_013001662024_01_30_09_21_34.flv","抖音商城年货节 358 99.9 89.9 59.9 40g 精华乳 试用装 抖音官方旗舰店 自然美椰要 有模有漾 全国 过敏 假 包邮 包退 赔四 ","他不要拍下这一整套一百多两百不到而且再给你多送一套价值五十九块九的试用装因为很多姐妹是第第一次来可能会担心他不好用不是好没关系啊我送你试用装然后再给你送五片那个","否","{'type': 1, 'content': {'通用敏感词': '第一'}}","2024_01_30_09_21_34","","yy_makeup_01300166"
"sensitive_video_part/yy_makeup_013001342024_01_30_09_13_34.flv","抖音商城年货节 799. COCONUI e3 清华原液 50g 试用 抖音官方旗舰店 自然美椰要 有模有漾 全国 过敏 假 包邮 包退 赔四 ","但是今天一千八百四百我两百不要拍一下这套我我们今年最后的二十七单全部拍完全全部这块下架拍下这套只要多少钱只要一百九十九而且这个机制比素颜燃烧那套还要划算因为这倒是升级版","否","{'type': 1, 'content': {'通用敏感词': '最'}}","2024_01_30_09_13_34","","yy_makeup_01300134"
"sensitive_video_part/yy_makeup_013000162024_01_30_10_25_06.flv","加入粉丝团 抖音商城年货节 CC 10瓶 999 899 509 409 精华乳 抖音官方旗舰店 自然美椰要 有模有漾 全国 过敏 假 包邮 包退 赔四 ","四件还还有一件我让你五件带走这个是自爆到精华的海葡萄园业正装一瓶是十瓶包装而且今天每一瓶里面是五五十缪的今天点了关注的啦你听好了喜欢五件套是吧我这里四件套也带走五件行不行一件洗面奶精华水晶滑入精华华业金","否","{'type': 1, 'content': {'通用敏感词': '今天'}}","2024_01_30_10_25_06","","yy_makeup_01300016"
"sensitive_video_part/yy_makeup_013001692024_01_30_09_22_18.flv","抖音商城年货节 COCONHI 10瓶 精华原 抖音官方旗舰店 自然美椰要 有模有漾 全国 过敏 假 包邮 包退 赔四 ","价一二零间上个三单福利准备三啊一亿姐妹们要链接库存给大家上好了今天只只需要一百九十九拍下一一号链接主播面前的全部都是你的这套想要看到看就改善低复暗黄提亮","否","{'type': 1, 'content': {'通用敏感词': '今天'}}","2024_01_30_09_22_18","","yy_makeup_01300169"
"sensitive_video_part/aks_medical_device_013100442024_01_31_08_55_17.flv","抖音商城年货节 奥克斯|医疗器械 500强 给家人一份关爱 3号链接 新一代腕式血压计 ZK高消屏 用同款 单手摄作 日常公 89 活动到手价： 精准测量 √出差应 √肥胖爆信 自压围扰 有 只接不请 准 医用级精准度 医疗注册证 品质保证 售奥产品均有行业医疗注肺证 4年只携不修誉运费险 ","咱们作为三十天操场试用三十八年的一个老婆货才有没有资格给到每一个月的使用机会您可以用到三月份是没问题的核实反映经软银就流不喜欢购买就不精准拆拆破用户都能够退到来要","否","{'type': 1, 'content': {'通用敏感词': '精准'}}","2024_01_31_08_55_17","","aks_medical_device_01310044"
"sensitive_video_part/aks_medical_device_013100032024_01_31_09_50_41.flv","抖音商城年货节 奥克斯医疗器械 500强 2号链接 医用同款臂式血压计 高清大屏 三色光 日常： 109 活动到手价 有 准 医用级精准度 医疗注册证 品质保证 ±3mmhg 售奥产品均有行业医疗注肿证 4年只换不修赠运费险 ","今天早上是年底从业绩最后一页转场活动一月份结束二月份明天咱们就开始开始放假了一整年下下来地板砖价做到绑架那能不能明白跑价这个概念的含金量最后的朋友们做到一百零九包邮到家的新粉宝宝一人只能","否","{'type': 1, 'content': {'通用敏感词': '最'}}","2024_01_31_09_50_41","","aks_medical_device_01310003"
"sensitive_video_part/yy_makeup_013000182024_01_30_10_25_36.flv","抖音商城年货节 试用装 299 358 10瓶 99.9 89.9 50g 40g 精华乳 抖音官方旗舰店 自然美椰要 有模有漾 全国 过敏 假 包邮 包退 赔四 ","剑直接给他改嫁三九九不要二九九就不要这套至少打完底价比五件套还要贵因为他单独提价就要八八十九持九了今天直播间直接给他改价听好了一百九十九而且这套更加有更加的就是说买的放心这段我还给你再多送一盒面膜好我们再加五加","否","{'type': 1, 'content': {'通用敏感词': '今天'}}","2024_01_30_10_25_36","","yy_makeup_01300018"
"sensitive_video_part/yy_makeup_013001612024_01_30_09_20_18.flv","1成 抖音商城年货节 抖音官方旗舰店 自然美椰要 有模有漾 全国 过敏 假 包邮 包退 赔四 ","今天相当于买面霜创作波色音的修护面霜孕妈妈补孕期妈妈想要抗老抗皱的闭眼去制作你们可以看看下自由区的清楚率是四十一点二一而且这个面上不单好用成分贼拉贵成分的话没有了是不是","否","{'type': 1, 'content': {'通用敏感词': '今天'}}","2024_01_30_09_20_18","","yy_makeup_01300161"
"sensitive_video_part/hz_makeup_013000942024_01_30_11_25_10.flv","RE 就 中 88元/4盒 OSM OSM 涂 1涂 1涂 1涂 美淡 2 到手20片 1盒5片 OSM 涂 涂 斑 ","大姐姐想要带双的那可没有啊姐姐今天送一个小道德啊送一个小道小姐姐好吧送个小道格这个是点关注啊点关注拍一发好吧点个关注陪伴额","否","{'type': 1, 'content': {'通用敏感词': '今天'}}","2024_01_30_11_25_10","","hz_makeup_01300094"
"sensitive_video_part/aks_medical_device_013100212024_01_31_08_49_32.flv","抖音商城年货节 奥克斯|医疗器械500强 给家人一份关爱 0 3号链接 新一代腕式血压计 2K高消屏 医用网购 日常价 89 活动到手价： 医用标准 精准测量 √出差应配 有 准 医用级精准度 医疗注册证 品质保证 售卖产品均有行业医疗注静证 4年只携不修誉运费险 ","血管影响到药体的大脑你的每个血液流通的啊心脏到大脑血管这种东西是可以替代替代的吗咱们是出生就用一辈子的东西不是说出现问题了你能够去换可以去替代的没有这种的啊所以说咱们后门做到一个愈合方","否","{'type': 1, 'content': {'通用敏感词': '精准'}}","2024_01_31_08_49_32","","aks_medical_device_01310021"
"sensitive_video_part/yy_makeup_013001702024_01_30_09_22_34.flv","抖音商城年货节 给到五大保障 正品保证 假一罚三 七天无理由 过敏包退 赠送运费险 29 ESSEN 358元 10瓶 99.9元 59.9x 89.9元 40g 精华乳 试用装 抖音官方旗舰店 自然美要 有模有漾 全国 过敏 假 包邮 包退 赔四 ","黑暗黄提亮想淡化作文细纹与皱纹的就拍我们的一号链接皮肤出现绵绵长痘痘皮肤粗还有毛孔大想改善敏敏性质毛孔的对他一号链接然后姐妹们你们听好了这个机是我们年货节最后一天吧这个","否","{'type': 1, 'content': {'通用敏感词': '最'}}","2024_01_30_09_22_34","","yy_makeup_01300170"
"sensitive_video_part/aks_medical_device_013100422024_01_31_08_54_46.flv","抖音商城年货节 奥克斯|医疗器械500强 给家人一份关爱 2 1号链接 医用同款 键精准测 压用同款 4年质保 日常 只添耀造谱果 精准测量 √出盖应 有 只接不使 准 医用级精准度 医疗注册证 品质保证 售卖产品均有行业医疗注肺证 4年只换不修赠运费险 ","又能看又能听双重爆这张道点击开机关机键就能破解免收到我的一个高血压低血压心率指和脉搏值了好不会用智能手机的也能够轻松上手是不是十年变两成就能用了一种年的时间重点也是","否","{'type': 1, 'content': {'通用敏感词': '精准'}}","2024_01_31_08_54_46","","aks_medical_device_01310042"
"sensitive_video_part/yy_makeup_013000032024_01_30_10_21_51.flv","抖音商城年货节 抖音官方旗舰店 自然美椰要 有模有漾 全国 过敏 假 包邮 包退 赔四 ","来听好了啊如果说咱们直播间听好了如果你是第一次来我直播间的你第一次买我们家的水水煮的没有买过的没有拍过的但是又想要到我们家五件套的那个五件的洗面奶少妇水精华乳精华液精华面霜的今天有一套了什么呢就是我们家三音教育健康证面霜这个三一叫原抗对面上单一个","否","{'type': 1, 'content': {'通用敏感词': '第一'}}","2024_01_30_10_21_51","","yy_makeup_01300003"
"sensitive_video_part/yy_makeup_013002172024_01_30_09_34_18.flv","抖音商城年货节 给到五大海降 正品保证 假一罚二 七天无理 过敏包遇 赠送运费 10期 清华原液 40 华 抖音官方旗舰店 自然美椰要 有模有漾 全国 过敏 假 包邮 包退 赔四 ","想收到一套帮助帮助自己紧致帮帮助自己体谅的一套真正抗皱产品如果说你过年期间想要做我要做好皮肤护理的我们这样上天拍还能这样天发过两天再来我们放假","否","{'type': 1, 'content': {'通用敏感词': '正品'}}","2024_01_30_09_34_18","","yy_makeup_01300217"
"sensitive_video_part/hz_makeup_013000412024_01_30_11_11_56.flv","88四 SKIN CARE 艺县给力 88元/4盒 OSM OSM 1涂 1涂 1涂 1涂 美淡 V 2吨 到手20片 1盒5片 OSM 1涂 1涂 涂 美淡 斑 斑 2双 ","新生代谢周期是二十八天我们就是给他一个时间给他一个机会看这个面膜的能不能让我们继父的哇变的好看一点变得白一点变得亮一点都没问题的全部都是现货啊今天的就会给姐姐安排打不发货了日期不用担心啊都是好日","否","{'type': 1, 'content': {'通用敏感词': '今天'}}","2024_01_30_11_11_56","","hz_makeup_01300041"
"sensitive_video_part/VAA_makeup_013000252024_01_30_18_52_44.flv","红山茶精粹 SPA级养肤卸妆 挚爱贵妇卸妆誉 人先入会再下单尊享会员权益 美妆问 ","呃咱们那个牌罗闪去刮一刮我们的一个小黑头小粉色坚持使用的话咱们小黑走小粉丝都是有一定程度的一个小改善的姐妹们啊那有些姐妹要说了那我又没有用过你们家 V形容膏我怎么知道你们家好不好用对不对没有关关系保存今天在我们直播间拍到的姐妹呢咱们再给大家来送到七点五克的一个试用装那您不要小看他只有咱们七条","否","{'type': 1, 'content': {'通用敏感词': '今天'}}","2024_01_30_18_52_44","","VAA_makeup_01300025"
"sensitive_video_part/yy_makeup_013002232024_01_30_09_35_48.flv","抖音商城年货节 COCONUIXANG 299元 ESsENcE  10瓶 89.9 华原液 59 50g 40g 精华 试用装 抖音官方旗舰店 自然美椰要 有模有漾 全国 过敏 假 包邮 包退 赔四 ","今天给大家改嫁一波一百一百多炸一波不到两百块钱这一堆满满的一大堆不到两百块钱全都是正正装出了这个小样你们还想不想要刚刚被拍完了还想要的姐妹来打个要造","否","{'type': 1, 'content': {'通用敏感词': '今天'}}","2024_01_30_09_35_48","","yy_makeup_01300223"
"sensitive_video_part/aks_medical_device_013100142024_01_31_08_47_47.flv","抖音商城年货节 奥克斯|医疗器械 500强 给家人一份关爱 0 2号链接 医用同款臂式血压计 款 高清大屏 e 复播摄 日带价 10 医用标准 /出美虫面 胆胖烦怡 只接不使 四年质保 准 医用级精准度 医疗注册证 品质保证 售爽产品均有行业医疗注肺证 4年只换不修赠运费险 ","我所排长队测量出来结果哦没有区别今天就是一样的没必要大过年过节的没有谁年三十年初一年初二的咱们喜喜欢跑到一五去的对不对咱们都是池中上岗的呀依然进行报告二二类医疗器械认证证书我都是给领导下","否","{'type': 1, 'content': {'通用敏感词': '精准'}}","2024_01_31_08_47_47","","aks_medical_device_01310014"
"sensitive_video_part/VAA_makeup_013000482024_01_30_18_58_29.flv","红山茶精粹 SPA级养肤卸妆 挚爱贵妇卸妆音 众先入会再下单尊享会员权益 ","给到你三罐也就是说单单卸妆膏您可以带带走二百七十克也就是相相当于三平正装一辆而且呢今天在我们直播间拍到姐妹主播在额外加呢你三十片一个卸妆世界一片谢全脸了让你卸妆不卸干净咱们的一个小黑头小粉丝还有咱们一个睫毛蛋糕眼线比小狗红都能来给您轻松去除掉宝贝们出差旅行用","否","{'type': 1, 'content': {'通用敏感词': '今天'}}","2024_01_30_18_58_29","","VAA_makeup_01300048"
"sensitive_video_part/VAA_makeup_013000462024_01_30_18_57_59.flv","红山茶精粹 SPA级养肤卸妆 挚爱贵妇卸妆膏 人先入会再下单尊享会员权益 ","三百五十米飘可以给大家看一下啊二厅为虚掩藏为止对不对咱们可以去看一下日常数外加三百五十米一平从不破价宝贝们双双十一双十二都是这个价格那我们已经有十点六万姐妹也是以咱们三百五十米一平的价格去购买的但是呢今天的直播间保卫们只有这最后两组两单他一到手三十九件套三十","否","{'type': 1, 'content': {'通用敏感词': '最'}}","2024_01_30_18_57_59","","VAA_makeup_01300046"
"sensitive_video_part/yy_makeup_013002252024_01_30_09_36_18.flv","团 抖音商城年货节 299元 COCONUIXANG ESSENCE  358 10瓶 99.9 89.9 华原液 59.9 50g 抗皱 面牌 409 精华 试用装 抖音官方旗舰店 自然美椰要 有模有漾 全国 过敏 假 包邮 包退 赔四 ","那个库存怎么你很多的姐妹想拍都拍拍不了先提供出来总价值四百九十三底价但是今天拍下一百九十九我姐送送你的收入里面还有着洗面奶还有叫海葡萄还有这面膜十三","否","{'type': 1, 'content': {'通用敏感词': '今天'}}","2024_01_30_09_36_18","","yy_makeup_01300225"
"sensitive_video_part/yy_makeup_013001622024_01_30_09_20_34.flv","抖音商城年货节 509 抖音官方旗舰店 自然美椰要 有模有漾 全国 过敏 假 包邮 包退 赔四 ","没有了是不是稍等一下啊成分的话之前咱们直播间都是看到没有一颗都一麦角录音还有 SOD美这些都是我们的大牌都同款的而且是真正是具有抗揍功效的我做不得假的如果你们要的话我也废话不多说我今天这个是今天","否","{'type': 1, 'content': {'通用敏感词': '大牌'}}","2024_01_30_09_20_34","","yy_makeup_01300162"
"sensitive_video_part/yy_makeup_013001862024_01_30_09_26_33.flv","抖音商城年货节 59.9k 89.9 99.9 抖音官方旗舰店 自然美椰要 有模有漾 全国 过敏 假 包邮 包退 赔四 ","因为我今天九十九三三瓶的碎元霜对吧平均一平三十三但是今天咱们面霜是一百四十九才才能买得到的说按照价格来说这套会更加适合知道怎么用呢来先说白天的用法好不好对了不用了姐妹主播","否","{'type': 1, 'content': {'通用敏感词': '今天'}}","2024_01_30_09_26_33","","yy_makeup_01300186"
"sensitive_video_part/yy_makeup_013001302024_01_30_09_12_34.flv","抖音商城年货节 358 99.9 89.9 59.9 50g 试用装 华乳 抖音官方旗舰店 自然美椰要 有模有漾 全国 过敏 假 包邮 包退 赔四 ","如果你用的好那就不好用的呢能不能够退回来可以这样子够不够放心来我也不多讲了面膜材蚕丝毛不我们家是特别是天津的椰子油的吃个面膜是叫叫畅饮水面膜让皮肤喝保水的面貌正常酒久十八块钱一盒的我今天来面膜我给你再送一整","否","{'type': 1, 'content': {'通用敏感词': '今天'}}","2024_01_30_09_12_34","","yy_makeup_01300130"
"sensitive_video_part/VAA_makeup_013000202024_01_30_18_51_28.flv","红山茶精粹 SPA级养肤卸妆 挚爱贵妇卸妆膏 人先入会再下单尊享会员权益 ","看一下是不是我卸完妆这个手比我没有卸这个助手更加的一个嫩透亮亮啊姐妹们所以说不要去纠结不要去犹豫抓紧时间秒拍秒缝一号链接今天的咱们直播间领券看到手四百六十九十八米四百六十八米您能带带走什么带走带走我们九十克的一个卸妆膏两锅罐还有我们三三十克的一个中药给到您三","否","{'type': 1, 'content': {'通用敏感词': '今天'}}","2024_01_30_18_51_28","","VAA_makeup_01300020"
"sensitive_video_part/aks_medical_device_013100002024_01_31_08_44_17.flv","抖音商城年货节 奥克斯|医疗器械 500强 给家人一份关爱 2号链接 医用同款臂式血压计 高酒大屏 三色荷光 智能造音播投 常价 109 活动到手价： 医用标准 √出差应M 有 准 医用级精准度 医疗注册证 品质保证 ±3mmhg 4年只换不修赠运费险 ","然后点你开机关机这能够知道我的高低血压值和金率脉搏知道一年两周我就能用满三百六十五天现在加奥克斯你可以就随便评价卖你一百一十九肩膀过来的主播间作为原源头厂家才能有道的福利架构专场活动","否","{'type': 1, 'content': {'通用敏感词': '精准'}}","2024_01_31_08_44_17","","aks_medical_device_01310000"
"sensitive_video_part/aks_medical_device_013100182024_01_31_09_54_26.flv","抖音商城年货节 奥克斯|医疗器械500强 给家人一份关爱 2号链接 医用同款臂式血压计 三色青光 日常作 109 活动到手价 用标准 - 有 只接不请 准 医用级精准度 医疗注册证 品质保证 售卖产品均有行业医疗注融证 4年只换不修赠运费险 ","刀家包括轻松上手是没有难度的好来一起定向二号链接的语音播报应该心率等等中心","否","{'type': 1, 'content': {'通用敏感词': '精准'}}","2024_01_31_09_54_26","","aks_medical_device_01310018"
"sensitive_video_part/yy_makeup_013001962024_01_30_09_29_04.flv","抖音商城年货节 59.9元 89.9 358元 50g 抗波·面霜 抖音官方旗舰店 自然美椰要 有模有漾 全国 过敏 假 包邮 包退 赔四 ","刀你涂了也拉拉菲产品对不对是的那这个要链接是不是又没了没没有了这个要零件学会了姐妹我们就去按照小董说的这个方式去用就可以了如果才有自己没有拍到的还想不想要今天直播间这个机制真的划算","否","{'type': 1, 'content': {'通用敏感词': '今天'}}","2024_01_30_09_29_04","","yy_makeup_01300196"
"sensitive_video_part/aks_medical_device_013100502024_01_31_08_56_47.flv","抖音商城年货节 奥克斯|医疗器械500强 给家人一份关爱 1号链接 医用同款一键精准测 医用同款 4年时保 日常价 99 充电收：* 有 只接不能 准 医用级精准度 医疗注册证 品质保证 售卖产品均有行业医疗注脚证 4年只换不修赠运费险 ","您的电话正常这个是咱家二号类接到语音播报啊呈现绿色面板反对的就是正常选了这种精准度更高高档品质更加好功能更加齐全的选择二号二链接二号链接的","否","{'type': 1, 'content': {'通用敏感词': '精准'}}","2024_01_31_08_56_47","","aks_medical_device_01310050"
"sensitive_video_part/yy_makeup_013002212024_01_30_09_35_18.flv","抖音商城年货节 299元 358元 10瓶 99.9 89.9元 青华原液 59.9元 50g 抗皱-面霜 40g 精华 试用装 抖音官方旗舰店 自然美椰要 有模有漾 全国 过敏 假 包邮 包退 赔四 ","面霜紧致报告有今天单单买一个面面霜你之前买要一百多但是今天年货及基金只要买下三英胶原抗寿命伤送给我们的青豆丝润的症状一百度的提亮爽峰口水送你我们","否","{'type': 1, 'content': {'通用敏感词': '今天'}}","2024_01_30_09_35_18","","yy_makeup_01300221"
"sensitive_video_part/hz_makeup_013000072024_01_30_11_03_26.flv","88四 RE OSM 1价 88元/4盒 OSM OSM 1涂 1涂 1涂 1涂 美淡 自斑 斑 到手20片 1盒5片 OSM OSM 1涂 涂 斑 斑 2吸 ","仙女小仙女请下单啊小小仙女姐姐请下单一盒是五片装今天姐姐花了八十八块钱带走势整整的二十片啊二十片隔间去使用隔间去使用两两天用一片额天去使用两平均就是两千用两千两天用一片的话就是二十四","否","{'type': 1, 'content': {'通用敏感词': '今天'}}","2024_01_30_11_03_26","","hz_makeup_01300007"
"sensitive_video_part/aks_medical_device_013100022024_01_31_09_50_26.flv","抖音商城年货节 奥克斯.医疗器械 500强 给家人一份关爱 2 3号链接 新一代腕式血压计 2K高消屏 医用同款 单手提性 日带 89 活动到手价 架森耀指当果 有 准 医用级精准度 医疗注册证 品质保证 4年只换不修端运维险 ","六千多加食品店大型商场里面的专卖店品牌店之音电统一价价格卖以一百六十九只有一套财主机没有正频道接档后来到直播间只有源源头厂家能够给到您一台也是工厂只发价今天咱们是年底充","否","{'type': 1, 'content': {'通用敏感词': '精准'}}","2024_01_31_09_50_26","","aks_medical_device_01310002"
"sensitive_video_part/yy_makeup_013002152024_01_30_09_33_48.flv","抖音商城年货节 299 358 10瓶 清华原液 50g 40g 南华 试用装 抖音官方旗舰店 自然美椰要 有模有漾 全国 过敏 假 包邮 包退 赔四 ","还有着我们的行李箱这些还有着咱们的这个榨汁机还有我们的小小东杯如果你们想要行李箱的行李箱也可以给大家一波好不好很多对然后咱们直播间这个礼物的话只有今今天付了款的你们","否","{'type': 1, 'content': {'通用敏感词': '今天'}}","2024_01_30_09_33_48","","yy_makeup_01300215"
"sensitive_video_part/VAA_makeup_013000292024_01_30_18_53_44.flv","红山茶精粹 SPA级养肤卸妆 挚爱贵妇卸妆膏 先入会再下单尊享会员权益 ","时间主播就下播了最后两两组两单拍到了姐妹主播在国外加到你七号链接猪猪姐姐走红毯都在用的睫毛打底糕宝贝们这个睫毛打底高真的是强烈安陵给大家因为呢他涂在睫毛上啊是一个一整整天都不踏步不限的一个状态的如果说我们姐妹们想要去单安排的在我们家七号链接如果说想要主主播直接送给大家","否","{'type': 1, 'content': {'通用敏感词': '最'}}","2024_01_30_18_53_44","","VAA_makeup_01300029"
"sensitive_video_part/hz_makeup_013000462024_01_30_11_13_10.flv","88四盒 RE 88元/4盒 OSM OSM 1涂 1涂 1涂 美淡 个斑 斑 2 到手20片 1盒5片 OSM OSM 1涂 1涂 斑 斑 2吸 ","傻贵傻贵的今天在我们直播间贼拉票便宜八十八块钱到手就是四四整合二十遍到手直接算一下划算吧没和比人家平一个大大几十块钱保证是产品保证装贵是正品","否","{'type': 1, 'content': {'通用敏感词': '今天'}}","2024_01_30_11_13_10","","hz_makeup_01300046"
"sensitive_video_part/aks_medical_device_013100452024_01_31_08_55_32.flv","抖音商城年货节 奥克斯|医疗器械 500强 给家人一份关爱 2号链接 医用同款臂式血压计 意清大屏 三色南光 用同款 日常全 109 活动到手价 30天超长试用 立压国优 有  准 医用级精准度 医疗注册证 品质保证 售奥产品均有行业医疗注融证 4年只携不修誉运费险 ","五分钟时间准备捷达了啊九点前呢我排下物流快点别说都能给你打到把货到早开早发赶在物流判定体育之前包邮到家一号链家一号链接拍到户上走去使用的方药回到主直播间主播守卫把手教","否","{'type': 1, 'content': {'通用敏感词': '精准'}}","2024_01_31_08_55_32","","aks_medical_device_01310045"
"sensitive_video_part/VAA_makeup_013000062024_01_30_18_47_59.flv","红山茶精粹 SPA级养肤卸妆 挚爱贵妇卸妆膏 人先入会再下单尊享会员权益 ","哇眼线呀本礼页呀都能来轻松去除那今天呢我们直播间拍到的姐妹主播在额外加到您两个定制的牌桌破产保卫们这个排如场有两个用用错一个用处呢他可以去挖我们的形容钢刀还有一个用处呢就是它可以把形容膏涂在脸上以后呢用这个牌桌上去挂我们的小黑头刮一刮我们小下巴坚持使用的话咱们那个黑头啊粉丝啊都是有","否","{'type': 1, 'content': {'通用敏感词': '今天'}}","2024_01_30_18_47_59","","VAA_makeup_01300006"
"sensitive_video_part/yy_makeup_013002052024_01_30_09_31_18.flv","抖音商城年货节 10瓶 青华原液 50g 40 请华乳 抖音官方旗舰店 自然美椰要 有模有漾 全国 过敏 假 包邮 包退 赔四 ","两百九十九的再送一套就这套买单独一个面面霜面前这套全部是你的全部送你的就单单最到我卖的话也要卖一百九十的对不对的今天相当于买一个正面双送","否","{'type': 1, 'content': {'通用敏感词': '最'}}","2024_01_30_09_31_18","","yy_makeup_01300205"
"sensitive_video_part/hz_makeup_013000182024_01_30_11_06_11.flv","RE 88元/4盒 OSM OSM 1涂 1涂 心 美淡 2折 到手20片 1盒5片 OSM OSM 涂 斑 斑 ","想要一个好的肌肤状状态啊我们要在在头一天去天上一片面膜他是能挽救我们技术状态的就是能起到一个补救的一个作用这个面面膜所以说面膜很重重要而且选面膜一定要去选好了选对的这就像我们选老","否","{'type': 1, 'content': {'通用敏感词': '一天'}}","2024_01_30_11_06_11","","hz_makeup_01300018"
"sensitive_video_part/aks_medical_device_013100032024_01_31_08_45_02.flv","抖音商城年货节 奥克斯|医疗器械 500强 给家人一份关爱  2号链接 医用同款臂式血压计 三色青光 医用阅款 日常4 109 活动到手价： 医用标准 有  器 准 医用级精准度 医疗注册证 品质保证 ±3mmhg 售卖产品均有行业医疗注肿证 4年只换不修赠运费险 ","因为一个 ID就能一旦福利名额的哎有不到咱们的一个原装数据线跟收纳礼盒拍 A发三了解清楚秒排秒负最后的咱们的一个啊呃还有最后的六分钟时间截止八点五五十分钱的一个订单都是九点钟不留快递车能够打三八然后","否","{'type': 1, 'content': {'通用敏感词': '最'}}","2024_01_31_08_45_02","","aks_medical_device_01310003"
"sensitive_video_part/yy_makeup_013001682024_01_30_09_22_04.flv","抖音商城年货节 10瓶 99.9 89.9 精华原 59.9 精华乳 试用装 抖音官方旗舰店 自然美椰要 有模有漾 全国 过敏 假 包邮 包退 赔四 ","我班有皱纹呐多的姐妹三十多岁的姐妹这套会更加适合念他是抗皱的升级版这整一套至至少十三件刀是不是四百九十三是的今天四九三三九三二九三不要拍一下这段一百九十九直接给他","否","{'type': 1, 'content': {'通用敏感词': '今天'}}","2024_01_30_09_22_04","","yy_makeup_01300168"
"sensitive_video_part/hz_makeup_013001062024_01_30_11_28_11.flv","88四盒 SKIN CARE RE 给力 88元/4盒 OSM OSM 1涂 1涂 1涂 1涂 到手20片 1盒5片 OSM OSM OSM 1涂 涂  斑 玫 ","保质期全部都是到二零二七年这是我给大家的一个保障啊另外的今天下单的所有点大家今天全全部发货的人们现在你们担心呐姐姐们你们要担心的问题啦","否","{'type': 1, 'content': {'通用敏感词': '今天'}}","2024_01_30_11_28_11","","hz_makeup_01300106"
"sensitive_video_part/yy_makeup_013002242024_01_30_09_36_03.flv","抖音商城年货节 COCONUT EBSENCE 10瓶 88 华原液 500 406 试厕赖 抖音官方旗舰店 自然美椰要 有模有漾 全国 过敏 假 包邮 包退 赔四 ","我给你再上一波今天所有的文章事发振宝让同时假一赔四而且该干撇油撇混合撇明米节斗斗级选择一二零级就可以了好吧这样库存的有多少个没付款的还有两个没付款","否","{'type': 1, 'content': {'通用敏感词': '今天'}}","2024_01_30_09_36_03","","yy_makeup_01300224"
"sensitive_video_part/aks_medical_device_013100322024_01_31_08_52_17.flv","抖音商城年货节 奥克斯医疗器械 500 强 给家入一份关爱 3号链接 新一代腕式血压计 2K高酒屏 医用同款 日常4 89 活动到手价： 胆胖烦信 有 只接不催 准 医用级精准度 医疗注册证 品质保证 售类产品均有行业医疗注融证 4年只携不修赠运费险 ","旦出现了问题您自己自己都可以想得到你是找谁给你换呢你有没有候选的名单呀或者说你有什么样的方式发上去给更换呢你也可以跟主播分享一下如果说是咱们直播间的话我们家里没有到老人家长辈到年纪比较大超过五十岁了六十","否","{'type': 1, 'content': {'通用敏感词': '精准'}}","2024_01_31_08_52_17","","aks_medical_device_01310032"
"sensitive_video_part/hz_makeup_013000022024_01_30_11_02_10.flv","OSM 88元/4盒 OSM OSM 1涂 1涂 1涂 1涂 美淡 舍斑 斑 2时 到手20片 1盒5片 OSM 1涂 斑 斑 ","我们支持今天我们有一个承诺知识买排柜不差你还怕啥姐姐你这是买贵补沙补水的是哪个补水的是欧诗麦的啊也是欧式曼达欧式曼珍珠多少的一个","否","{'type': 1, 'content': {'通用敏感词': '今天'}}","2024_01_30_11_02_10","","hz_makeup_01300002"
"sensitive_video_part/yy_makeup_013001252024_01_30_09_11_18.flv","抖音商城年货节 89. 50g 抗波-面霜 抖音官方旗舰店 自然美椰要 有模有漾 全国 过敏 假 包邮 包退 赔四 ","妈的我今天三百五十八不要我两百五十八不要我两我连两百不要今天只要拍下这个机制其实比三九九的还要划算对的因为买买这个面霜今天一百多正装八十九块九的水我直播间直接送了正装要不要正装的水箱的界面打一个药","否","{'type': 1, 'content': {'通用敏感词': '今天'}}","2024_01_30_09_11_18","","yy_makeup_01300125"
"sensitive_video_part/hz_makeup_013000602024_01_30_11_16_41.flv","88四盒 88元/4盒 OSM OSM 1涂 1涂 1涂  美淡 自斑 2m 到手20片 1盒5片 OSM OSM OSM 1涂 涂 金斑 斑 2 ","我们的那个什么闺蜜啊同学都都羡慕哭这个面膜是可以做到的大家都在用的直接心动不如行动啊今天就把他带回家今天呢就是嗯让他去帮助我们去变得好好看变得","否","{'type': 1, 'content': {'通用敏感词': '今天'}}","2024_01_30_11_16_41","","hz_makeup_01300060"
"sensitive_video_part/hz_makeup_013000322024_01_30_11_09_41.flv","88四 OSM 1涂 到手20片 1盒5片 OSM 1涂 ","要看持能上上岗我们所谓的执政上岗指的就是这个国家药监局盖红章的古装特制对吧这个也叫什么临什么床什么测试的啊你看实验该产品也能蛋白","否","{'type': 1, 'content': {'通用敏感词': '国家'}}","2024_01_30_11_09_41","","hz_makeup_01300032"
"sensitive_video_part/aks_medical_device_013100192024_01_31_09_54_41.flv","抖音商城年货节 奥克斯|医疗器械500强 给家人一份关爱 2 2号链接 医用同款臂式血压计 高浦大屏 三色背光 日带价 109 精准测量 /肥胖烦格 有 只接不 P  准 医用级精准度 医疗注册证 品质保证 售卖产品均有行业医疗注静证 4年只携不修赠运费险 ","您的正常这个是涨价二二号链接的语音播报重现绿色面晚辈呢就是正正常宣压制这种精准度跟在高品质功能授权方位双击倒都可以选择二号教练接来给","否","{'type': 1, 'content': {'通用敏感词': '精准'}}","2024_01_31_09_54_41","","aks_medical_device_01310019"
"sensitive_video_part/hz_makeup_013001002024_01_30_11_26_41.flv","88四金 给力 88元/4盒 OSM OSM 涂 1涂 1涂 1涂  2 到手20片 1盒5片 OSM OSM OSM 1涂 美淡 合斑 斑 ","杨姐今天下午给你发多啊人家能不能点关注啊姐姐我漂亮姐姐漂亮姐姐在十十三号吧啊十三号我刚刚说的是哪一个我要忘了我给你我给你再找一下我给你再找一下在","否","{'type': 1, 'content': {'通用敏感词': '今天'}}","2024_01_30_11_26_41","","hz_makeup_01300100"
"sensitive_video_part/aks_medical_device_013100222024_01_31_09_55_26.flv","抖音商城年货节 奥克斯|医疗器械500强 给家人一份关爱 2 0 2号链接 医用同款臂式血压计 高清大屏 日常公 109 医用标准 精准测量 经常验夜 立压压扰 电面 有 准 医用级精准度 医疗注册证 品质保证 售卖产品均有行业医疗注肿证 4年只携不修誉运费险 ","那就证明物流派地形月脑发布了啊咱们所有的朋友们能够拍的抓紧时间因为咱们现在还有最后八天时间就要过年了八天时间也就一个星期很多的地方已经是物流快递收不了的了所以说咱们后门","否","{'type': 1, 'content': {'通用敏感词': '最'}}","2024_01_31_09_55_26","","aks_medical_device_01310022"
"sensitive_video_part/yy_makeup_013002122024_01_30_09_33_04.flv","抖音商城年货节 299元 10瓶 99.9 清华原液 50g 40g 精华 试用装 抖音官方旗舰店 自然美椰要 有模有漾 全国 过敏 假 包邮 包退 赔四 ","你发誓我发是你后天再看到我们来这套的哇我可以给你退退差一下了你放心因为我们家这套是我们今天年货节最后一天的活动年货节期间所有的会员是九十九的四元双七十九的洗面奶都","否","{'type': 1, 'content': {'通用敏感词': '最'}}","2024_01_30_09_33_04","","yy_makeup_01300212"
"sensitive_video_part/yy_makeup_013002622024_01_30_09_45_33.flv","抖音商城年货节 功 1.提亮肤色 2.老抗 3.蛋致乳肌 4细腻毛孔 5.补水保湿 1-65岁全联质可用 COCONII 29 98 358元 10瓶 99.9 89.9 59.9 试用装 抖音官方旗舰店 自然美椰要 有模有漾 全国 过敏 假 包邮 包退 赔四 ","拍下这套只需要多加只需要幺九九这个机制最后一天卖了好不好来最后两单我们五秒钟就给他过了如果拍到我们要零阶的姐妹不懂用不会用的你们可以把不会用打在公屏上啊我们的","否","{'type': 1, 'content': {'通用敏感词': '最'}}","2024_01_30_09_45_33","","yy_makeup_01300262"
"sensitive_video_part/yy_makeup_013002262024_01_30_09_36_33.flv","抖音商城年货节 299元 COCONUTYANG ESSENCE 358 10瓶 999 899 华原液 59.9 50g 40g 精华 试用装 抖音官方旗舰店 自然美椰要 有模有漾 全国 过敏 假 包邮 包退 赔四 ","大家上好了今天只需要一百九十九拍下医疗链接主播面前的十三件全部都是你的啊这一套想想要看了抗揍改善肌肤暗黄提亮料想淡化皱纹细纹与纹的节目","否","{'type': 1, 'content': {'通用敏感词': '今天'}}","2024_01_30_09_36_33","","yy_makeup_01300226"
"sensitive_video_part/aks_medical_device_013100242024_01_31_09_55_56.flv","抖音商城年货节 奥克斯|医疗器械 500强 给家人一份关爱 1号链接 医用同款一键精准测 医用同款 4年质保 99 医用标准 医用级 有 准 医用级精准度 医疗注册证 品质保证 4年只换不修赠运费险 ","也是非常重要报道您今天来到的道德不是小做小法奥克斯作为三十八年老公我医疗器械这个行业我能够排在全全国五百强榜上有名才有资格拿拿到一某月的新片不是你去外面要投放随便一台六七","否","{'type': 1, 'content': {'通用敏感词': '精准'}}","2024_01_31_09_55_56","","aks_medical_device_01310024"
"sensitive_video_part/aks_medical_device_013100072024_01_31_09_51_41.flv","抖音商城年货节 奥克斯|医疗器械 500强 给家人一份关爱 2 2号链接 医用同款臂式血压计 三色蔬光 用同款 日常 109 有 准 医用级精准度 医疗注册证 品质保证 ±3mmhg 售类产品均有行业医疗注静证 4年只携不修誉运费险 ","智能电子上把这个话它的精准毒品质功能的一号链接是一样的但是它会比一号链接更加方便一号链接是需要到上 B是需要件需要币带充气管三号链接是手腕是的二十到五十岁的年轻朋友三号链接咱们都可以去考验","否","{'type': 1, 'content': {'通用敏感词': '精准'}}","2024_01_31_09_51_41","","aks_medical_device_01310007"
"sensitive_video_part/hz_makeup_013000432024_01_30_11_12_26.flv","88元/4盒 OSM OSM 1涂 1涂 1涂 1涂 美淡 美淡 政  到手20片 1盒5片 OSM OSM OSM 1涂 涂 美淡 斑 斑 ","是今天发现货先发他可以把这个美白四个大字直接直接打打在包装上说明了他是有这个效效果的没有这个效果的话它属于虚假宣传有图般但般啊没办米白花光化妆品的广告法非常的","否","{'type': 1, 'content': {'通用敏感词': '今天'}}","2024_01_30_11_12_26","","hz_makeup_01300043"
"sensitive_video_part/yy_makeup_013000002024_01_30_10_21_02.flv","抖音商城年货节 抖音官方旗舰店 自然美椰要 有模有漾 全国 过敏 假 包邮 包退 赔四 ","精华液对不对其实今天早咱们直播间也给大家准备了一个四件套的无件套啊啊怎么是恢复不了款吗你可以去加入我们的粉丝群宝宝你可能的抖抖音版本就是级别没有升级你需要去抖音后再激活一下抖音支付啊","否","{'type': 1, 'content': {'通用敏感词': '今天'}}","2024_01_30_10_21_02","","yy_makeup_01300000"
"sensitive_video_part/aks_medical_device_013100282024_01_31_08_51_17.flv","抖音商城年货节 奥克斯|医疗器械 500强 给家人一份关爱 3号链接 新一代腕式血压计 2K高消屏 医用网款 日常4 89 活动到手价 医用标准 有 只接不使 准 医用级精准度 医疗注册证 品质保证 售奥产品均有行业医疗注证 4年只携不修誉运费险 ","去晚壁从患不可挽回的局里面跟小板不一样没有一次两次三次从来的机会啊能够预防肯定是越早越好出现问题再去召集后果就没有用了像是咱们家一号链接三十秒时间给他做到详细讲解到没问题一个","否","{'type': 1, 'content': {'通用敏感词': '精准'}}","2024_01_31_08_51_17","","aks_medical_device_01310028"
"sensitive_video_part/VAA_makeup_013000452024_01_30_18_57_42.flv","挚爱贵妇卸妆膏 众先入会再下单尊享会员权益 AA ","你最装复活皮还能深层排住卸的干净更痒我真正做到一个喜鹊清洁养护四象合一的谢王我们技术是一个嫩透亮的一个状态的保密码一号链接库存只有最后两组数量单老报密码日常收盘价格三百五十米平可以给大家看一下啊二厅为虚掩藏为止对对咱们可以去看一下日常数外加三百五十米","否","{'type': 1, 'content': {'通用敏感词': '最'}}","2024_01_30_18_57_42","","VAA_makeup_01300045"
"sensitive_video_part/aks_medical_device_013100272024_01_31_08_51_02.flv","抖音商城年货节 奥克斯|医疗器械500强 给家人一份关爱 1号链接 医用同款 一键精准测 医用网款 4年质保 日常 活动到手价 充电收： 不精准退回来 精准测量 出差应而 肥胖烦信 且压扰 有 准 医用级精准度 医疗注册证 品质保证 ±3mmhg 售卖产品均有行业医疗注肺证 4年只换不修赠运费险 ","葡萄这个区量都是连着咱们的大脑连这心脏连接神经听到所以说咱们朋友们能够做到愈合反肯定是越早越好这以上出现这种情况都代表你的血压岁货到呼吸道一一旦不注重稍微出一点点岔时就会导致血液冲破","否","{'type': 1, 'content': {'通用敏感词': '精准'}}","2024_01_31_08_51_02","","aks_medical_device_01310027"
"sensitive_video_part/yy_makeup_013002512024_01_30_09_42_48.flv","抖音商城年货节 10瓶 试用精 抖音官方旗舰店 自然美椰要 有模有漾 全国 过敏 假 包邮 包退 赔四 ","这整套加加起来四百多但是今天今天四百三百两百不要拍下这这套啊我们已经开见了宝宝五号开价了今天直接给他改改加只需要多少钱","否","{'type': 1, 'content': {'通用敏感词': '今天'}}","2024_01_30_09_42_48","","yy_makeup_01300251"
"sensitive_video_part/aks_medical_device_013100052024_01_31_08_45_33.flv","抖音商城年货节 奥克斯医疗器械 500强 给家入一份关爱 4 1号链接 医用向款 一键精准测 医用同款 4年肤保 日常价 99 出差应配 童压闲饮 有 准 医用级精准度 医疗注册证 品质保证 售爽产品均有行业医疗注肺证 4年只换不修赠运费险 ","一号领着一号领着操作方法是一样的都是上面历史智能电子栓加 Z但是二二号链接它的 N主更加高我我家里面有长的呀要去使用的 B选出二号链接下能够二十岁用到一百岁到收到种星法 B大合同尽管找到充气管的接接口","否","{'type': 1, 'content': {'通用敏感词': '精准'}}","2024_01_31_08_45_33","","aks_medical_device_01310005"
"sensitive_video_part/aks_medical_device_013100042024_01_31_09_50_56.flv","抖音商城年货节 奥克斯【·医疗器械 500强 给家人一份关爱 0 4 1号链接 医用同款 键精准测 医用阅款 日常 99 有 只接不使 准 医用级精准度 医疗注册证 品质保证 售奥产品均有行业医疗注肿证 4年只换不修誉运费险 ","包邮到家道金粉宝宝一人只能拍一袋有多少新人就准备落当铺算好的一个萝卜一个坑没有多多的啊新粉宝宝贝全部都有到咱们一个新年礼物四十九块钱原装数据线一年一充就不能用满三百六六十五天只充一次一次电一年就可以用满三","否","{'type': 1, 'content': {'通用敏感词': '精准'}}","2024_01_31_09_50_56","","aks_medical_device_01310004"
"sensitive_video_part/aks_medical_device_013100132024_01_31_08_47_33.flv","抖音商城年货节 奥克斯|医疗器械 500强 给家人一份关爱 3号链接 新一代腕式血压计 2K高清屏 医用阿款 日常公 0 89 活动到手价 医用级 技术 有 只接不停 准 医用级精准度 医疗注册证 品质保证 售类产品均有行业医疗注肺证 4年只携不修赠运费险 ","直接手机历史手金钱是不是二类医疗器械认证报告证书白纸黑黑字红章具有法律效医的好包括说咱们讲的都是医用级别的精准度双传感接受给到您准确指在政府参考虑狗座和您去医某院某种所排长对策让出来结果","否","{'type': 1, 'content': {'通用敏感词': '精准'}}","2024_01_31_08_47_33","","aks_medical_device_01310013"
"sensitive_video_part/yy_makeup_013001732024_01_30_09_23_19.flv","抖音商城年货节 358 10瓶 99.9 89.9 精华原 409 精华乳 试用装 抖音官方旗舰店 自然美椰要 有模有漾 全国 过敏 假 包邮 包退 赔四 ","三十秒的时间我跟你讲讲一下啊我们今天做活动会做一号链接跟二号链接一号链接是靠这修护的升级版如果说我们俩花花姐姐你的年纪是有多大如果你的年纪是在于三十岁左右了你是大干皮还是大","否","{'type': 1, 'content': {'通用敏感词': '今天'}}","2024_01_30_09_23_19","","yy_makeup_01300173"
"sensitive_video_part/VAA_makeup_013000512024_01_30_18_59_13.flv","红山茶精粹 SPA级养肤卸妆 挚爱贵妇卸妆膏 人先入会再下单尊享会员权益 ","改善的保镖那今天咱们不在有些姐妹说了那我之前没有用过你加微的一身高我怎么知道他好不好没有没有关系吧今天在我们直播间拍到的姐妹呢主播在额外加到你七点五克的一个幸运装你回家去体验体验一下宝贝们主播说的天花乱坠没有用自己用的好才是真的好宝贝们您回家去用一下如果说用的好好的你把线上高和咱们的一个试用装都留下来对不对","否","{'type': 1, 'content': {'通用敏感词': '今天'}}","2024_01_30_18_59_13","","VAA_makeup_01300051"
"sensitive_video_part/aks_medical_device_013100132024_01_31_09_53_11.flv","抖音商城年货节 奥克斯|医疗器械 500强 给家人一份关爱 3号链接 新一代腕式血压计 2K高消屏 日常4 89 活动到手价 有 准 医用级精准度 医疗注册证 品质保证 ±3mmhg 售类产品均有行业医疗注融证 4年只换不修誉运费险 ","右下角小航中刷新去拍是的六九九七九八九一零九三二链接对应价价格都是给您做到咱们家现现互酸早盘拍就能找发货然后来最后发分钟时间准备被捷达到而且咱们所有的泡沫一号链接要练的拍照部知道怎么去使用到会","否","{'type': 1, 'content': {'通用敏感词': '最'}}","2024_01_31_09_53_11","","aks_medical_device_01310013"
"sensitive_video_part/hz_makeup_013000062024_01_30_12_30_11.flv","是经人 正品保 过教团司 买贵补差 免爱试用 有运费险 七天无理由 88元/4盒 OSM OSM 1涂 涂 1涂 1涂 美淡 美淡 自斑 舍斑 斑 20 2收 2败 2收 到手20片 1盒5片 OSM OSM OSM 1涂 1涂 1涂 美淡 美淡 斑 ","拍叫你别着急今天下单今天发货晚上晚上就可以看到物流信息接了啊兄弟们和山郑州发货如果说四送八百打到哪里都很棒方面请放心吧好吧如果说你在河南省内的话我们今天发明天就收到了收到货之后直接向上您感受过一到两片兄弟们","否","{'type': 1, 'content': {'通用敏感词': '今天'}}","2024_01_30_12_30_11","","hz_makeup_01300006"
"sensitive_video_part/yy_makeup_013001262024_01_30_09_11_34.flv","抖音商城年货节 北美金缕梅提取物（地：关) 霍霍巴籽油（产地：法国） 使皮肤柔软，富有弹性 牛油果树果脂 (产地:：模国) 天然润肤脂，高效保湿 高效保湿， 有助于抗老化 透明质酸钠 (产地:日本) 高效锁水 阻止水分经表皮流失 高效保湿剂，长效锁水 积雷革提取物 促进纤维更新 强化肌底抵御力 椰子油 具有很强的氧化保护能力 有助于保持年轻。 抖音官方旗舰店 自然美椰要 有模有漾 全国 过敏 假 包邮 包退 赔四 ","要不要正装的水祥刚的界面打一个药造药这个是我们呃添加了甘草酸二角加添加的小分身子它是不是保持的同时改向粉色体量降低负的爽肤水如果倒了腰子来送你一瓶正装一百克的来不够如果皮肤很多虽然说毛孔粗大","否","{'type': 1, 'content': {'通用敏感词': '高效'}}","2024_01_30_09_11_34","","yy_makeup_01300126"
"sensitive_video_part/yy_makeup_013002312024_01_30_09_37_48.flv","抖音商城年货节 给割五大保障 正品保证 假一罚三 七天无理由 过敏包退 点点 赠送运费险 299元 COCONUIXANG ESSENCE 358元 10瓶 99.9 89.9 华原液 59.9元 50g 抗波面霜 40g 精华事 试用装 抖音官方旗舰店 自然美椰要 有模有漾 全国 过敏 假 包邮 包退 赔四 ","加海葡萄自爆金花说这倒是非常适合最近冬冬天去用并且有皱纹和细纹把定位如果有斑斑点点皮肤暗黄发黑年纪还在三十岁四十岁的姐妹一二链接","否","{'type': 1, 'content': {'通用敏感词': '最'}}","2024_01_30_09_37_48","","yy_makeup_01300231"
"sensitive_video_part/yy_makeup_013001632024_01_30_09_20_48.flv","抖音商城年货节 50g 抖音官方旗舰店 自然美椰要 有模有漾 全国 过敏 假 包邮 包退 赔四 ","最后一天做活动你们要的怎么来打压我造金岛券买面面霜我给你们送一只正装的椰子油的椰子水的爽肤水一瓶八八十九块九的现在正在卖的送送你一瓶卖正装面霜送一针正装精华","否","{'type': 1, 'content': {'通用敏感词': '最'}}","2024_01_30_09_20_48","","yy_makeup_01300163"
"sensitive_video_part/aks_medical_device_013100022024_01_31_08_44_47.flv","抖音商城年货节 奥克斯|医疗器械 500强 给家人一份关爱 4 3号链接 新一代腕式血压计 ZK高消屏 第用网股 单手摄作 日带 89 活动到手价 架森耀监菌果 医用标准 准测量 肥屏煤格 有 准 医用级精准度 医疗注册证 品质保证 售奥产品均有行业医疗注肺证 4年只换不修赠运费险 ","保障啊八十九块钱给新人保卫赶在了上车所有新人一人只能派一单专享福利来到但说明想要存货的两单三单去拍的是给不了好的您想给头朋友的你给叫你们有自己过来拍因为一个 ID就能一旦福利明","否","{'type': 1, 'content': {'通用敏感词': '精准'}}","2024_01_31_08_44_47","","aks_medical_device_01310002"
"sensitive_video_part/VAA_makeup_013000272024_01_30_18_53_14.flv","红山茶精粹 SPA级养肤卸妆 挚爱贵妇卸妆膏 人先入会再下单尊享会员权益 A ","那啊可以用那个咱们三天五天完全 OK没有问题的你回答去体验一下因为主主播说的天花乱坠没有好用对不对大家用的好的那才是真的好宝贝们那你回答体验一下如果说用的好好的您把咱们盛装和正装都留下来那用的不不好的您把咱们的一个呃适用装留下留下来算主播送给您的您把正装给主主播退回去就可以了宝贝们今天天无聊运闲散没","否","{'type': 1, 'content': {'通用敏感词': '今天'}}","2024_01_30_18_53_14","","VAA_makeup_01300027"
"sensitive_video_part/aks_medical_device_013100332024_01_31_08_52_32.flv","抖音商城年货节 奥克斯医疗器械 500强 给家入一份关爱 2号链接 医用同款臂式血压计 高清大屏 三色南光 0%价 109 活动到手价 有 心 准 医用级精准度 医疗注册证 品质保证 售类产品均有行业医疗注脚证 4年只换不修赠运费险 ","实现就是九十一百算我追求精准度更加高长辈可以去用用到就选择咱们家二号链接是三款智能电子摄像机里面无论精准度品质功能都是排在这个级别的由于一个单芯片的应用级别给了双击倒","否","{'type': 1, 'content': {'通用敏感词': '精准'}}","2024_01_31_08_52_32","","aks_medical_device_01310033"
"sensitive_video_part/hz_makeup_013001232024_01_30_11_32_26.flv","88四盒 RE 给力 88元/4盒 OSM OSM 1涂 1涂 1涂 涂 美淡 玫 2 到手20片 1盒5片 OSM OSM 1涂 OSM 渝 美淡 玫 ","销量今天价格又这么低我们的服务又这么好你们要口碑有口碑要销量有销销量要效果有效果要价格有价格要服务有服务的时间这么","否","{'type': 1, 'content': {'通用敏感词': '今天'}}","2024_01_30_11_32_26","","hz_makeup_01300123"
"sensitive_video_part/aks_medical_device_013100492024_01_31_08_56_32.flv","抖音商城年货节 奥克斯|医疗器械 500强 给家人一份关爱 2 2号链接 医用同款臂式血压计 高清大屏 区用同款 日常公 109 活动到手价： 架帮耀指菌果 直压围扰 √肥胖爆信 有 准 医用级精准度 医疗注册证 品质保证 ±3mmhg 售类产品均有行业医疗注肿证 4年只换不修赠运费险 ","把一个会字一起听一下二号链接的语音播报有一张公主心内文当中七十分","否","{'type': 1, 'content': {'通用敏感词': '精准'}}","2024_01_31_08_56_32","","aks_medical_device_01310049"
"sensitive_video_part/hz_makeup_013000572024_01_30_11_15_54.flv","RE 祥美容 88元/4盒 OSM OSM 1涂 1涂 1涂 1涂 中 美淡 美淡 自斑 2m 到手20片 1盒5片 OSM OSM 涂 美淡 斑 斑 2 ","你想做一个白雪公主你想做一个白富美想做一个女神的话这个面膜就值得我们去购买买的鲜活先发啊今天拍的话我们今今天可以给你们安排打包发货全部都现货再过两天呢快递停运我跟你说啊","否","{'type': 1, 'content': {'通用敏感词': '今天'}}","2024_01_30_11_15_54","","hz_makeup_01300057"
"sensitive_video_part/aks_medical_device_013100292024_01_31_08_51_32.flv","抖音商城年货节 奥克斯|医疗器械 500强 给家人一份关爱 2 0 3号链接 新一代腕式血压计 2K高清屏 医用同款 日常价： 109 89 活动到手价： 肥胖煤格 有 准 医用级精准度 医疗注册证 品质保证 ±3mmhg 售类产品均有行业医疗注融证 4年只换不修增运费险 ","解到一个月八万台因为我满心电加值精准度应用级别的智能电电子刷件屏幕显示和语音播报都有又能看又能听双重保障来的一起听一下链接到云波夺宝九一的还有","否","{'type': 1, 'content': {'通用敏感词': '精准'}}","2024_01_31_08_51_32","","aks_medical_device_01310029"
"sensitive_video_part/aks_medical_device_013100262024_01_31_08_50_46.flv","抖音商城年货节 奥克斯|医疗器械500强 给家人一份关爱 2 2号链接 医用同款臂式血压计 意清大屏 三色青光 日常生 109 活动到手 经常燕夜 有  准 医用级精准度 医疗注册证 品质保证 售卖产品均有行业医疗注静证 4年只携不修赠运费险 ","有道需要焦虑的身体健康经常不爱运动吃了睡睡了吃早还有说是咱们经常是工作压力大精神压力压力大经常唱片头痛脑晕晕包包括说眼睛发酸发胀的接肩颈酸痛的后后果梗致力不在说说不到这个区量","否","{'type': 1, 'content': {'通用敏感词': '精准'}}","2024_01_31_08_50_46","","aks_medical_device_01310026"
"sensitive_video_part/aks_medical_device_013100312024_01_31_08_52_03.flv","抖音商城年货节 奥克斯医疗器械 500强 给家人一份关爱 2 1号链接 医用同款一键精准测 用同款 4年质保 日常 99 活动到手价 医用标准 有 只接不请 器 准 医用级精准度 医疗注册证 品质保证 4年只换不修赠运费险 ","语音播报百分之八十的年轻朋友都会选择七十九的充电玩本一年量充就能用满一种年的时间续航能力能力比较强二十到五十岁的年轻的新朋友都可以选择一号链接啊三十天的超市场是用给自己的身体一份保障关乎心脏上手一定是要注意注重到","否","{'type': 1, 'content': {'通用敏感词': '精准'}}","2024_01_31_08_52_03","","aks_medical_device_01310031"
"sensitive_video_part/hz_makeup_013000042024_01_30_12_29_41.flv","OSM 手20片 SM 教 ","啊买不了吃亏买不了不知道上当了今天在我中间也不会让你买到贵的东西高山欢迎山山姐欢迎珊姐那你变白变美你那款面膜一定要快去拍啊一盒是五天再加一个五片啊盒子后面一代防伪的带带防伪代包装袋塑封","否","{'type': 1, 'content': {'通用敏感词': '今天'}}","2024_01_30_12_29_41","","hz_makeup_01300004"
"sensitive_video_part/aks_medical_device_013100122024_01_31_09_52_55.flv","抖音商城年货节 奥克斯|医疗器械 500强 给家人一份关爱 1号链接 医用同款一 键精准测 医用同款 4年贷保 日常价 99 充电收：* 有 准 医用级精准度 医疗注册证 品质保证 售类产品均有行业医疗注肺证 4年只换不修赠运费险 ","想想福利来了大大本来说顺理小送给朋友的分享链接让他自自己来卖因为每一个 ID只有一个名额你叠加加两单三单就不是这个价格了三件套四十四十九块钱原装数据线加收纳力和来到拍一发三了解清楚右下角小横冲刷新去拍","否","{'type': 1, 'content': {'通用敏感词': '精准'}}","2024_01_31_09_52_55","","aks_medical_device_01310012"
"sensitive_video_part/aks_medical_device_013100352024_01_31_08_53_02.flv","抖音商城年货节 奥克斯医疗器械 500强 1号链接 医用问款一 一键精准测 医用同款 4年质保 日常价： 活动到手价： 充电收： 架希耀益酱果 准测量 √出养应面 有 只接不使 准 医用级精准度 医疗注册证 品质保证 ±3mmhg 售类产品均有行业医疗注解证 4年只换不修赠运费险 ","数字稳定的都是放大版本的老花眼镜视也势力下大象也不担心看不起我清楚了音量分加大双生道环绕世道播报做做到一号连接没有的功能三色被关屏通通过三个颜色面板就能够轻轻松去","否","{'type': 1, 'content': {'通用敏感词': '精准'}}","2024_01_31_08_53_02","","aks_medical_device_01310035"
"sensitive_video_part/yy_makeup_013001912024_01_30_09_27_49.flv","抖音商城年货节 抖音官方旗舰店 自然美椰要 有模有漾 全国 过敏 假 包邮 包退 赔四 ","欢迎爽肤水之后把自爆金华打开一瓶把它第一个两滴三单贴然后手心里面搓热之后按压上面这个精华液上完金华液吸收完之后这个时候","否","{'type': 1, 'content': {'通用敏感词': '第一'}}","2024_01_30_09_27_49","","yy_makeup_01300191"
"sensitive_video_part/VAA_makeup_013000492024_01_30_18_58_43.flv","红山茶精粹 SPA级养肤卸妆 挚爱贵妇卸妆膏 人先入会再下单尊享会员权益 ","小黑头小粉丝还有咱们那个睫毛蛋糕眼线笔小狗红都能来给您轻轻松去除的宝贝们出差旅行用那么大的一个卸妆湿巾那如果在家里的话就用我们家那个贵妇籍养父系王膏就可以了那今天咱们直播间一号链接拍一到手三十九件套的还额外加的你两个定制的牌主卓产宝贝们还额外加的你两个定制排除闪排有两个用处啊宝贝","否","{'type': 1, 'content': {'通用敏感词': '今天'}}","2024_01_30_18_58_43","","VAA_makeup_01300049"
"sensitive_video_part/aks_medical_device_013100402024_01_31_08_54_18.flv","抖音商城年货节 奥克斯|医疗器械 500强 给家人一份关爱 2 0 3号链接 新一代腕式血压计 ZK高清解 医用同款 89 活动到手价： 30天超长试用 √出差面 自压围扰 有 只接不使 准 医用级精准度 医疗注册证 品质保证 ±3mmhg 售类产品均有行业医疗注航证 4年只换不修赠运费险 ","都是九点钟物流快递车大概发货呢而且明天咱们工厂放假装你再回来肯定是没有这个价格了明知购物车小店橱窗全部是一百六十九到而且三号链接是手腕是智能电我在家里面天气比较冷的我想更加方便的","否","{'type': 1, 'content': {'通用敏感词': '精准'}}","2024_01_31_08_54_18","","aks_medical_device_01310040"
"sensitive_video_part/yy_makeup_013002462024_01_30_09_41_33.flv","抖音商城年货节 358元 89.9 40g 精华乳 抖音官方旗舰店 自然美椰要 有模有漾 全国 过敏 假 包邮 包退 赔四 ","你们要的话三百五十八的面霜今天改嫁了一百五十八不要我今天给他设改价一百多一百多里面来我给你们看一下啊今天送送什么买面霜新来的","否","{'type': 1, 'content': {'通用敏感词': '今天'}}","2024_01_30_09_41_33","","yy_makeup_01300246"
"sensitive_video_part/yy_makeup_013000202024_01_30_10_26_06.flv","抖音商城年货节 抖音官方旗舰店 自然美椰要 有模有漾 全国 过敏 假 包邮 包退 赔四 ","但是今天三百四百两百不要交了是用装加了面膜加了海波捞满面赠送的这么多还是只要一百九十今天拍今天发抗抗皱需求高的排一号上就有需求不高的可以派二号随便你们去选准备好怎么去用我先上车上完上车我教你们好不好行吧来准备好三秒闹钟三秒三二一是的","否","{'type': 1, 'content': {'通用敏感词': '今天'}}","2024_01_30_10_26_06","","yy_makeup_01300020"
"sensitive_video_part/aks_medical_device_013100102024_01_31_09_52_25.flv","抖音商城年货节 奥克斯|医疗器械 500强 给家人一份关爱 3号链接 新一代腕式血压计 2K高清屏 医用网款 日常4 89 活动到手价 有 只接不使 准 医用级精准度 医疗注册证 品质保证 售类产品均有行业医疗注静证 4年只换不修誉运费险 ","水晶转舵同样的新电力带回家不再再需要过年过节往某某音某月胖子芯片一样精准这就是没插到啊一年两周就能用满一种年的时间了好现在奥克斯的麦你一百一十九届呢都来到直播间作为源头厂家一台也是","否","{'type': 1, 'content': {'通用敏感词': '精准'}}","2024_01_31_09_52_25","","aks_medical_device_01310010"
"sensitive_video_part/VAA_makeup_013000472024_01_30_18_58_13.flv","红山茶精粹 SPA级养肤卸妆 挚爱贵妇卸妆膏 众先入会再下单尊享会员权益 h音格 ","但是今天的直播间保佑只有这最后两组两单他一到手三十九件套三十三九件套您能带走什么带走我们九九十克的一个正正装副级卸妆膏啊养父及非常高您能带走两两罐还有我们三十克的一个中药给到您三罐也就是说单单卸妆膏您可以带走二百七十克也就是相相当于三平正装一辆而且","否","{'type': 1, 'content': {'通用敏感词': '最'}}","2024_01_30_18_58_13","","VAA_makeup_01300047"
"sensitive_video_part/yy_makeup_013001642024_01_30_09_21_04.flv","抖音商城年货节 358 99.9 89.9 59.9折 50g 40g 精华乳 抖音官方旗舰店 自然美椰要 有模有漾 全国 过敏 假 包邮 包退 赔四 ","正装精华椰子油的金啊这个是针对细枝毛孔再送你正正装我们家的这个清洁海葡萄的而且清洁的我我们的这个椰子壳的面额那个把面霜的洗面奶说说今天早咱们直播间","否","{'type': 1, 'content': {'通用敏感词': '今天'}}","2024_01_30_09_21_04","","yy_makeup_01300164"
"sensitive_video_part/hz_makeup_013000662024_01_30_11_18_11.flv","88四 RE 88元/4盒 OSM OSM 1涂 1涂 1涂 1涂 产 美淡 个斑 斑 到手20片 1盒5片 OSM 1涂 [斑 玫 ","呃可能李李白真的就不太白啊因为什么因为古代没有公屏知道吗姐姐们因为古古代没有护肤品啊今天我们是有守护无柄的额欧诗漫的美白的白面膜如果说李白虎牙能够附上美白","否","{'type': 1, 'content': {'通用敏感词': '今天'}}","2024_01_30_11_18_11","","hz_makeup_01300066"
"sensitive_video_part/yy_makeup_013002292024_01_30_09_37_18.flv","抖音商城年货节 299元 COCONUTY 10瓶 99.9 89.9 华原液 59.9 50g 面用 40g 精华 试用装 抖音官方旗舰店 自然美椰要 有模有漾 全国 过敏 假 包邮 包退 赔四 ","相当于你素颜升九十九三平我们今天正在做活动的平均一瓶三十三但是你的面霜用九十九能够买到三瓶的资源霜但是你九十九未必买到一瓶面霜我们的面霜","否","{'type': 1, 'content': {'通用敏感词': '今天'}}","2024_01_30_09_37_18","","yy_makeup_01300229"
"sensitive_video_part/yy_makeup_013001712024_01_30_09_22_48.flv","抖音商城年货节 肌肤问题 痘痘肌 敏敏肌 素素脸 黑点点 干纹细纹 毛孔粗大 肌肤松弛 暗黄发黑 换季敏敏 干燥起皮 MT 15-65 岁全肤质可用 抖音官方旗舰店 自然美椰要 有模有漾 全国 过敏 假 包邮 包退 赔四 ","这你们所有人了不用担心我们全部全部都是从拍下一号链接的全部都是从文昌市发发货正品保障甲一配三过敏包座有七天无理由有运费是险的而且咱们家这套如果你是新来的不知道这套是适合什么人能去用的你听好听","否","{'type': 1, 'content': {'通用敏感词': '正品'}}","2024_01_30_09_22_48","","yy_makeup_01300171"
"sensitive_video_part/hz_makeup_013000042024_01_30_11_02_40.flv","88四盒 SKIN CARE RE 88元/4盒 OSM 1涂 1涂 1涂 1涂 心 美淡 香斑 斑 2m 20 到手20片 1盒5片 OSM OSM OSM 1涂 美淡 斑 斑 ","搭配这个不不是面膜然后这样交替去使用今天用这个明天用这个这样交替继续去使用欢迎一只羊姐姐欢迎是欢迎杨姐欢迎一颗仙人球欢迎仙人球姐姐","否","{'type': 1, 'content': {'通用敏感词': '今天'}}","2024_01_30_11_02_40","","hz_makeup_01300004"
"sensitive_video_part/aks_medical_device_013100102024_01_31_08_46_47.flv","抖音商城年货节 奥克斯|医疗器械 500强 给家人一份关爱 3号链接 新一代腕式血压计 ZK高消屏 医用同款 单手摄作 日带公 89 活动到手价 积森耀谜果 医用标准 精准测量 √出差应所 肥胖烦情 有 只接不使 准 医用级精准度 医疗注册证 品质保证 售奥产品均有行业医疗注脚证 4年只换不修誉运费险 ","是五十岁在年轻人没有找一起去用的拍一号链接七十九的充电门外一年两重就能用满上一种元的时间咯来这个是一号连接这个是二号链接这个是三号零件更加想要哪一个的把序号告告诉我给到你一对应讲","否","{'type': 1, 'content': {'通用敏感词': '精准'}}","2024_01_31_08_46_47","","aks_medical_device_01310010"
"sensitive_video_part/yy_makeup_013001412024_01_30_09_15_19.flv","团 抖音商城年货节 299元 COCONHIXANG ESSENCE 358 10瓶 999 89.9 精华原液 59.9 50g 面 10g 华乳 试用装 抖音官方旗舰店 自然美椰要 有模有漾 全国 过敏 假 包邮 包退 赔四 ","无论判了一拍了啊不懂要不会用的高速度啊他一号也是十三件拍二号也最后两三个最后两单是吧好的我们这个福利马上就给拿过了这个不多讲了今天这个机制是最后一天吧没错这是我们年货今天是我们年货节","否","{'type': 1, 'content': {'通用敏感词': '最'}}","2024_01_30_09_15_19","","yy_makeup_01300141"
"sensitive_video_part/hz_makeup_013001042024_01_30_11_27_41.flv","SKIN CARE 就基给力 88元/4盒 OSM OSM 涂 1涂 1涂 1涂 玫 到手20片 1盒5片 1涂 玫 ","你们肯定有姐姐平时买到这个面膜的啊你们平时摆这个面膜要花多少钱兄弟们要花多少钱是不是九十九块钱十五片是不是九十九块现十五片今天姐姐们八十八块","否","{'type': 1, 'content': {'通用敏感词': '今天'}}","2024_01_30_11_27_41","","hz_makeup_01300104"
"sensitive_video_part/hz_makeup_013000772024_01_30_11_20_56.flv","88四盒 SKIN RE 88元/4盒 OSM OSM 1涂 1涂 1涂 1涂  美淡 美淡 斑 2m 到手20片 1盒5片 1涂 1涂 涂 玫 ","啊小绿你们确定 SIL姐姐我重新确定另外姐姐我给你说一下啊其他怀疑这正品的姐姐你们听好了首先第一点点什么一号链接已经卖卖出去八千多套了姐姐们八","否","{'type': 1, 'content': {'通用敏感词': '第一'}}","2024_01_30_11_20_56","","hz_makeup_01300077"
"sensitive_video_part/yy_makeup_013002302024_01_30_09_37_33.flv","抖音商城年货节 299元 JANG 10瓶 899 青华原液 50g 40g 精华 试用装 抖音官方旗舰店 自然美椰要 有模有漾 全国 过敏 假 包邮 包退 赔四 ","是一百三十九但是今天你买面霜一百三十九只需要加加五十九块钱相当于一百九十九里面水乳国洗面奶","否","{'type': 1, 'content': {'通用敏感词': '今天'}}","2024_01_30_09_37_33","","yy_makeup_01300230"
"sensitive_video_part/hz_makeup_013000452024_01_30_11_12_56.flv","88四 盒 05M 88元/4盒 OSM OSM 1涂 1涂 1涂 美淡 自斑 20m 2致 到手20片 1盒5片 OSM 1涂 涂 斑 2摄 ","如果是想真真正做到美丽的话一定要选用一款真真正有效果的用着又舒服的好好用的面膜这个面膜呢现在就在你们面前的一号链接就是我手上拿的这一款今天给姐姐搞福利外边买了很很贵的商场贵买了很贵的","否","{'type': 1, 'content': {'通用敏感词': '今天'}}","2024_01_30_11_12_56","","hz_makeup_01300045"
"sensitive_video_part/aks_medical_device_013100012024_01_31_09_50_10.flv","抖音商城年货节 奥克斯医疗器械 500强 给家人一份关爱 4 1号链接 医用同款一 一键精准测 医用闯款 4年质保 日常 架春耀益谜果 出差应 宜压困状 有 准 医用级精准度 医疗注册证 品质保证 售类产品均有行业医疗注聘证 4年只换不修赠运费险 ","数字根本不用去去接绿色正正常黄色偏高红色高高血压抑情播报苹果显示是颜色区分三重保障给到你还能够存到两个人三个策略一百九十八家组的精准数据线下奥赫斯有没有去比过价六千多加实体店","否","{'type': 1, 'content': {'通用敏感词': '精准'}}","2024_01_31_09_50_10","","aks_medical_device_01310001"
"sensitive_video_part/aks_medical_device_013100412024_01_31_08_54_32.flv","抖音商城年货节 奥克斯|医疗器械 500强 给家人一份关爱 2号链接 医用同款臂式血压计 高清大屏 三色两光 日带4 109 活动到手价： 医用标准 自压国优 有 只接不使 准 医用级精准度 医疗注册证 品质保证 售卖产品均有行业医疗注肿证 4年只换不修誉运费险 ","也是零下几度或零下十几度零下二十度对吧那么三号链接手手腕是系统电子刷进你可以去代收到这种量速左手手腕一一卡以后戴在手腕上就能够进行自检自测了好留出一个小小为止的空间距离会自动重启驾呀","否","{'type': 1, 'content': {'通用敏感词': '精准'}}","2024_01_31_08_54_32","","aks_medical_device_01310041"
"sensitive_video_part/VAA_makeup_013000022024_01_30_18_46_58.flv","红山茶精粹 SPA级养肤卸妆 先入会再下单尊享会员权益 ","咱们三百五十米一瓶去购买的那您买上两罐是不是得要咱们七百米对不对卖还剩三罐是不是得要一千多米但今天认真听讲了宝子们今天的直播间一号链接令完全到手四百六十八米四百六十八八米宁可不是直指带走咱们一罐两罐那么简单宝贝们咱直接一号链接拍一到手三十九件套","否","{'type': 1, 'content': {'通用敏感词': '今天'}}","2024_01_30_18_46_58","","VAA_makeup_01300002"
"sensitive_video_part/yy_makeup_013000122024_01_30_10_24_06.flv","抖音商城年货节 50g  抖音官方旗舰店 自然美椰要 有模有漾 全国 过敏 假 包邮 包退 赔四 ","正面双鱼刺看一下对比而且实验节点产品就抗做功效说这只面霜我们如果说有新来的姐妹年纪三十四十五十如果你让我去选你是更加适合你的我会避他排面刷必图对面刷因为今天这个面霜他活动也划算买蛋蛋一直三百多的一个面面霜如果你要买五件套是不是要买到","否","{'type': 1, 'content': {'通用敏感词': '今天'}}","2024_01_30_10_24_06","","yy_makeup_01300012"
"sensitive_video_part/aks_medical_device_013100112024_01_31_08_47_03.flv","抖音商城年货节 奥克斯|医疗器械 500强 给家人一份关爱 0 2号链接 医用同款臂式血压计 高清大屏 三色青光 日常 109 活动到手价 架帮耀益菌果 医用标准 立压国优 有  准 医用级精准度 医疗注册证 品质保证 ±3mmhg 售类产品均有行业医疗注肺证 4年只换不修赠运费险 ","倒把序号告告诉我给到你一对一讲解到挑选智能电子杀键除了看品牌看品质的精准度也是非常重要的您今天来到的不是小做小法奥克斯的三十八年看到不过一治疗器械这个行业我能够排在全国五百强榜上有","否","{'type': 1, 'content': {'通用敏感词': '精准'}}","2024_01_31_08_47_03","","aks_medical_device_01310011"
