原词,变体词
诊所,诊某所
诊所,诊某所
医院,医某院
医用级,医某级
医生,白大褂
医生,白衣服的人
药片,白片片
药片,白色片片
临床,临某床
抗氧,抗和氧
抗氧,K氧
抗糖,K某糖
抗糖,K糖
抗老,K某老
抗老,K老
疤痕,疤某痕
三高,三某高
三高,三指超标
三高,三亩高人群
感冒,某感某冒
肿瘤,小肿肿小瘤瘤
血脂高,脂高
血压高,压高
血糖高,糖高
过敏,过敏敏
雀斑,小雀雀
黄褐斑,黄片片
黄褐斑,黄某斑
老年斑,老年点点
真皮斑,真皮下点点
抗衰,K老
"敏感肌
",敏敏皮
痘痘肌,小包包
炎症,火火症
减肥,剪肉肉
减肥,小蛮腰
减肥,维密身材打造
抗敏,抗某敏
光子,光光
皮秒,PICO秒秒做斑斑
提取,提某取
黑色素,黑点点
祛黄,脸上黄气很重
祛黄,黄脸婆
艾灸,艾的小火苗
促进消化,促进消什么化
增强抵抗力,增和强抵某力
提升免疫力,提和升免某力
预防,预和防
预防,预某防
血脂高,血某脂
血脂高,高高脂
血管,管道
血管,红色管道
心肝,小心肝
心脑管,小心小脑小管
胃肠道,胃胃肠肠道道
脾脏,脾脾脏脏
肾脏,肾肾脏脏
血液,红色液体
血液,液体管道
胃,小胃胃
胃,小小贝
胃酸,胃什么酸
肠胃,小肠小胃
胶原蛋白,胶某原蛋某白
胶原蛋白,胶什么原蛋白
皱纹,某纹
皱纹,皱某纹
衰老,衰和老
新冠,口罩时期
抑制,抑某制
吸收,吸某收
衰退,衰某退
稀释,稀某释
保养,保某养
维稳,维什么稳
对症,对某症
排毒,排垃圾
干眼症,干眼什么症
疹,粉色黑头
腹泻,腹某泻
脑血栓,脑什么梗
心梗,心什么梗
心梗,心某梗
脑梗,脑什么梗
脑梗,脑某梗
改善发育,改善发某育
睡眠障碍,睡某眠障碍
暗疮膏,粉刺治疗霜
抗菌膏,细菌防治霜
他汀,他什么厅
抗衰老,K下垂
光子,打光光
"敏感肌
",敏敏皮
抗敏,抗敏敏
抗炎,抗火火
淡斑,淡某斑
痘痘,杜杜
痘痘,丢丢
祛斑,去王文王
肠梗,肠某梗
肠梗,肠什么梗
十二指肠,十二指某肠
十二指肠,十二指什么肠
大脑,大某脑
心肌肥大,心肌肥什么大
融解,融某解
融解,融什么解
益生菌,益什么生菌
益生菌,益什么生什么菌
支架,支什么架
支架,支某架
搭桥,搭什么桥
搭桥,搭某桥
发黄,发什么黄
发黄,发某黄
新陈,新某陈
代谢,代某谢
清洁,清某洁
疏通,疏某通
疲惫,疲某惫
降解,降某解
降解,降什么解
分解,分某解
分解,分什么解
肺气肿,废弃种
"敏感肌
",敏敏肌
血栓,某血某栓
医院,某医某院
医用,某医某用
糖尿病患者,糖人
糖尿病患者,糖友
唐氏综合症,糖宝
流流感感,流感
痛风,痛什么风
脂肪肝,脂肪什么肝
胆固醇高,胆固醇什么高
对症下药,对某症下某药
尿酸高,尿什么高
糖尿病患者,小什么糖人
免疫细胞,免免细胞
咳嗽,阿秋阿秋
便毒,便便毒毒
人工支架,人工支某架
肠道,某肠某道
蠕动,蠕某动
医生,大白
干呕,干什么呕
恶心,恶什么心
白内障,白某障
红血丝,红丝丝
老花眼,老某花
青光眼,青某光
飞蚊症,飞某症
最好,头等
最低,地板价
最低,未有价
最先,起首
仅此一天,只今日
仅此一次,只今日次
仅此一款,只今日款
最后一波,没有来日
首家,头家
首批,头一波
首席,Leader
首发,始发
首播,头次播
国际品质,寰球品质
唯一,仅此
抽奖,摸奖
点击领奖,轻点领奖
获奖,得奖
开发者,开启者
创始者,发起人
发明者,发现人
史无前例,史前无例
万能,全适用
百分百,0遗漏
百分百,99+1
百分百,幺零零
领导者,掌舵者
国家级,民族级
极品,绝品
绝版,独版
压轴,压台
无双,寰球无匹
巅峰,极峰
卓越,超卓
售罄,售完
再不抢就没了,即将售完
免费领,无门槛首付
零距离,无距离
倒计时,倒数计时
仅限,仅此
随时涨价,不定时涨价
周年庆,周年同庆
上风上水,天赋气运
宝地,富庶之地
天人合一,浑然一体
上流,上峰
价值洼地,价值凹地
地铁上盖,地铁上建
万亩公园,万顷公园
CBD核心,中央商务区
腹地,要地
加急,快马加鞭
加急,插单提速
原价,吊牌价
原价,门店价格
顶级,天花八板
行业上限,行业天花板
顶级,天花板级别
行业领先水平,行业天花板级别
顶级水平,花板级别
正品,正装
顶级品质,天花版本级别
极好,绝绝
纯棉,某棉
钱,米
京东淘宝,某东某宝
京东,某东
淘宝,某宝
天猫,某猫
中央,中央央
蓝光,蓝某光
蓝光,蓝什么光
指数,指某数
指数,指什么数
运费险,运险险
美白,米白
售后,售某后
美瞳,眼珠子
身材,身某材
几百元,几百米
问题,小问和小题
直播间,播播间
福利价格,福利米
海外,海某外
体态,体某态
双十一,双幺幺
双十二,双幺二
